48924047,Jan/25/2019 12:22,vjudge5,862C - Mahmoud and Ehab and the xor,GNU C++17,Accepted,46 ms,0 KB,2019-01-25 12:22:00
57873109,Jul/28/2019 06:20,lopare,862C - Mahmoud and Ehab and the xor,GNU C++11,Accepted,46 ms,0 KB,2019-07-28 06:20:00
30565040,Sep/21/2017 04:19,winstontsai,862C - Mahmoud and Ehab and the xor,Python 3,Accepted,389 ms,400 KB,2017-09-21 04:19:00
30535600,Sep/20/2017 08:53,ditoly,862C - Mahmoud and Ehab and the xor,GNU C++11,Accepted,31 ms,0 KB,2017-09-20 08:53:00
30603229,Sep/22/2017 03:33,gstggsstt,862C - Mahmoud and Ehab and the xor,GNU C++11,Accepted,31 ms,0 KB,2017-09-22 03:33:00
31032922,Oct/05/2017 15:24,TheLagoon#,862C - Mahmoud and Ehab and the xor,GNU C++14,Accepted,31 ms,0 KB,2017-10-05 15:24:00
31829362,Oct/28/2017 11:39,csfxjtu,862C - Mahmoud and Ehab and the xor,GNU C++11,Accepted,31 ms,0 KB,2017-10-28 11:39:00
38091744,May/10/2018 16:09,20164686qzw,862C - Mahmoud and Ehab and the xor,GNU C++11,Accepted,31 ms,3300 KB,2018-05-10 16:09:00
40587787,Jul/20/2018 22:09,farukkastamonuda#,862C - Mahmoud and Ehab and the xor,GNU C++14,Accepted,46 ms,0 KB,2018-07-20 22:09:00
30564504,Sep/21/2017 03:37,winstontsai,862C - Mahmoud and Ehab and the xor,Python 3,Accepted,405 ms,700 KB,2017-09-21 03:37:00
77365731,Apr/20/2020 16:38,yoddhaa,862C - Mahmoud and Ehab and the xor,GNU C++17,Accepted,31 ms,0 KB,2020-04-20 16:38:00
30554521,Sep/20/2017 20:39,winstontsai,862C - Mahmoud and Ehab and the xor,Python 3,Accepted,421 ms,600 KB,2017-09-20 20:39:00
31142615,Oct/08/2017 14:40,abhicodesm,862C - Mahmoud and Ehab and the xor,GNU C++14,Accepted,31 ms,0 KB,2017-10-08 14:40:00
30515015,Sep/19/2017 19:11,knandy,862C - Mahmoud and Ehab and the xor,Python 3,Accepted,420 ms,400 KB,2017-09-19 19:11:00
42141822,Aug/27/2018 09:06,Mk_Python_v1,862C - Mahmoud and Ehab and the xor,Python 3,Accepted,499 ms,300 KB,2018-08-27 09:06:00
35384958,Feb/17/2018 10:42,Saurabh303#,862C - Mahmoud and Ehab and the xor,Python 3,Accepted,1887 ms,10300 KB,2018-02-17 10:42:00
39681103,Jun/26/2018 19:36,Ali_Pi#,862C - Mahmoud and Ehab and the xor,PyPy 2,Accepted,889 ms,12700 KB,2018-06-26 19:36:00
50629056,Mar/01/2019 11:00,ashok123,862C - Mahmoud and Ehab and the xor,Python 3,Accepted,280 ms,3900 KB,2019-03-01 11:00:00
42008612,Aug/23/2018 23:34,Mohamed_Ayman,862C - Mahmoud and Ehab and the xor,Python 3,Accepted,436 ms,200 KB,2018-08-23 23:34:00
31630823,Oct/23/2017 16:40,WhiteTiger,862C - Mahmoud and Ehab and the xor,GNU C++11,Accepted,31 ms,1900 KB,2017-10-23 16:40:00
30579507,Sep/21/2017 16:43,wwyx2001,862C - Mahmoud and Ehab and the xor,GNU C++,Accepted,31 ms,0 KB,2017-09-21 16:43:00
30689819,Sep/24/2017 23:06,sharath10,862C - Mahmoud and Ehab and the xor,GNU C++14,Accepted,46 ms,0 KB,2017-09-24 23:06:00
33042667,Dec/09/2017 10:39,Cinzaderius,862C - Mahmoud and Ehab and the xor,GNU C++,Accepted,31 ms,1800 KB,2017-12-09 10:39:00
33841907,Jan/01/2018 08:13,511324,862C - Mahmoud and Ehab and the xor,GNU C++,Accepted,31 ms,1800 KB,2018-01-01 08:13:00
35110595,Feb/10/2018 06:42,dasu6012,862C - Mahmoud and Ehab and the xor,GNU C++11,Accepted,31 ms,1800 KB,2018-02-10 06:42:00
30540701,Sep/20/2017 13:04,metamemelord,862C - Mahmoud and Ehab and the xor,PyPy 3,Accepted,264 ms,5700 KB,2017-09-20 13:04:00
30540749,Sep/20/2017 13:06,metamemelord,862C - Mahmoud and Ehab and the xor,Python 3,Accepted,374 ms,600 KB,2017-09-20 13:06:00
30536430,Sep/20/2017 09:38,xuqijie,862C - Mahmoud and Ehab and the xor,GNU C++,Accepted,31 ms,0 KB,2017-09-20 09:38:00
30998099,Oct/04/2017 19:42,ITer,862C - Mahmoud and Ehab and the xor,GNU C++14,Accepted,31 ms,0 KB,2017-10-04 19:42:00
49235751,Jan/31/2019 10:55,vjudge1,862C - Mahmoud and Ehab and the xor,GNU C++17,Accepted,31 ms,200 KB,2019-01-31 10:55:00
49863403,Feb/13/2019 13:52,vjudge1,862C - Mahmoud and Ehab and the xor,MS C++,Accepted,46 ms,0 KB,2019-02-13 13:52:00
30561833,Sep/21/2017 00:12,marismmm,862C - Mahmoud and Ehab and the xor,GNU C++14,Accepted,31 ms,0 KB,2017-09-21 00:12:00
49873697,Feb/13/2019 17:54,vjudge3,862C - Mahmoud and Ehab and the xor,GNU C++17,Accepted,46 ms,0 KB,2019-02-13 17:54:00
34154837,Jan/13/2018 18:52,Dreamchaser101,862C - Mahmoud and Ehab and the xor,GNU C++11,Accepted,31 ms,2000 KB,2018-01-13 18:52:00
30525630,Sep/19/2017 21:18,narcissist,862C - Mahmoud and Ehab and the xor,GNU C++14,Accepted,46 ms,0 KB,2017-09-19 21:18:00
30544987,Sep/20/2017 15:34,bash,862C - Mahmoud and Ehab and the xor,Python 3,Accepted,389 ms,600 KB,2017-09-20 15:34:00
30717973,Sep/25/2017 15:03,yugle7,862C - Mahmoud and Ehab and the xor,Python 3,Accepted,109 ms,7800 KB,2017-09-25 15:03:00
32847287,Dec/02/2017 08:04,Combi,862C - Mahmoud and Ehab and the xor,GNU C++14,Accepted,30 ms,1900 KB,2017-12-02 08:04:00
32847280,Dec/02/2017 08:04,Combi,862C - Mahmoud and Ehab and the xor,GNU C++14,Accepted,31 ms,1900 KB,2017-12-02 08:04:00
38915679,Jun/03/2018 12:01,mohammad_heydari,862C - Mahmoud and Ehab and the xor,GNU C++14,Accepted,31 ms,3300 KB,2018-06-03 12:01:00
30529044,Sep/19/2017 23:42,ShJ,862C - Mahmoud and Ehab and the xor,Ruby,Accepted,124 ms,0 KB,2017-09-19 23:42:00
49235852,Jan/31/2019 10:58,vjudge5,862C - Mahmoud and Ehab and the xor,GNU C++17,Accepted,46 ms,300 KB,2019-01-31 10:58:00
30606666,Sep/22/2017 08:53,qyf123#,862C - Mahmoud and Ehab and the xor,GNU C++,Accepted,31 ms,0 KB,2017-09-22 08:53:00
30640350,Sep/23/2017 14:51,SoundsOfLife,862C - Mahmoud and Ehab and the xor,GNU C++14,Accepted,31 ms,0 KB,2017-09-23 14:51:00
36699760,Mar/28/2018 20:05,Apurbo,862C - Mahmoud and Ehab and the xor,GNU C++11,Accepted,46 ms,3700 KB,2018-03-28 20:05:00
49860052,Feb/13/2019 12:04,vjudge4,862C - Mahmoud and Ehab and the xor,GNU C++14,Accepted,31 ms,0 KB,2019-02-13 12:04:00
31147112,Oct/08/2017 17:42,shub.jain,862C - Mahmoud and Ehab and the xor,PyPy 2,Accepted,685 ms,600 KB,2017-10-08 17:42:00
40829441,Jul/27/2018 08:03,Djok216#,862C - Mahmoud and Ehab and the xor,Python 2,Accepted,218 ms,8300 KB,2018-07-27 08:03:00
49859083,Feb/13/2019 11:39,vjudge4,862C - Mahmoud and Ehab and the xor,GNU C++14,Accepted,46 ms,0 KB,2019-02-13 11:39:00
35801812,Mar/01/2018 07:37,GXF000,862C - Mahmoud and Ehab and the xor,GNU C++11,Accepted,78 ms,2100 KB,2018-03-01 07:37:00
30564806,Sep/21/2017 04:02,Black_Fregat,862C - Mahmoud and Ehab and the xor,Python 3,Accepted,389 ms,400 KB,2017-09-21 04:02:00
32838143,Dec/01/2017 21:33,nauthnim,862C - Mahmoud and Ehab and the xor,GNU C++,Accepted,62 ms,2000 KB,2017-12-01 21:33:00
71092119,Feb/15/2020 05:30,vjudge1,862C - Mahmoud and Ehab and the xor,GNU C++17,Accepted,46 ms,0 KB,2020-02-15 05:30:00
31263444,Oct/13/2017 05:08,avalya7,862C - Mahmoud and Ehab and the xor,Python 3,Accepted,233 ms,100 KB,2017-10-13 05:08:00
49873972,Feb/13/2019 18:01,vjudge1,862C - Mahmoud and Ehab and the xor,GNU C++17,Accepted,46 ms,0 KB,2019-02-13 18:01:00
50278992,Feb/21/2019 14:47,vjudge3,862C - Mahmoud and Ehab and the xor,GNU C++17,Accepted,46 ms,0 KB,2019-02-21 14:47:00
30837042,Sep/29/2017 20:32,patrikos,862C - Mahmoud and Ehab and the xor,Python 3,Accepted,280 ms,3800 KB,2017-09-29 20:32:00
49860356,Feb/13/2019 12:11,vjudge3,862C - Mahmoud and Ehab and the xor,GNU C++14,Accepted,46 ms,0 KB,2019-02-13 12:11:00
30565317,Sep/21/2017 04:41,CaNDidaTE_FaSTer,862C - Mahmoud and Ehab and the xor,GNU C++14,Accepted,31 ms,0 KB,2017-09-21 04:41:00
30798440,Sep/28/2017 11:10,s_p,862C - Mahmoud and Ehab and the xor,Perl,Accepted,77 ms,11500 KB,2017-09-28 11:10:00
49858906,Feb/13/2019 11:34,vjudge4,862C - Mahmoud and Ehab and the xor,GNU C++14,Accepted,31 ms,0 KB,2019-02-13 11:34:00
49860379,Feb/13/2019 12:12,vjudge2,862C - Mahmoud and Ehab and the xor,GNU C++14,Accepted,31 ms,0 KB,2019-02-13 12:12:00
49860466,Feb/13/2019 12:15,vjudge5,862C - Mahmoud and Ehab and the xor,GNU C++14,Accepted,46 ms,0 KB,2019-02-13 12:15:00
30543724,Sep/20/2017 14:56,vjudge1,862C - Mahmoud and Ehab and the xor,GNU C++,Accepted,31 ms,0 KB,2017-09-20 14:56:00
31465498,Oct/18/2017 03:07,MrMorning,862C - Mahmoud and Ehab and the xor,Python 3,Accepted,404 ms,5600 KB,2017-10-18 03:07:00
70211789,Feb/04/2020 11:29,vjudge3,862C - Mahmoud and Ehab and the xor,MS C++,Accepted,46 ms,0 KB,2020-02-04 11:29:00
30533331,Sep/20/2017 06:07,adelacvg,862C - Mahmoud and Ehab and the xor,GNU C++11,Accepted,31 ms,0 KB,2017-09-20 06:07:00
30605670,Sep/22/2017 07:40,cchao,862C - Mahmoud and Ehab and the xor,PyPy 2,Accepted,108 ms,6700 KB,2017-09-22 07:40:00
30533342,Sep/20/2017 06:08,Paul_Guderian,862C - Mahmoud and Ehab and the xor,GNU C++11,Accepted,31 ms,0 KB,2017-09-20 06:08:00
30533508,Sep/20/2017 06:20,Paul_Guderian,862C - Mahmoud and Ehab and the xor,GNU C++11,Accepted,31 ms,0 KB,2017-09-20 06:20:00
46135530,Nov/24/2018 08:33,KNaga,862C - Mahmoud and Ehab and the xor,GNU C++11,Accepted,62 ms,0 KB,2018-11-24 08:33:00
49855207,Feb/13/2019 09:48,vjudge1,862C - Mahmoud and Ehab and the xor,GNU C++14,Accepted,46 ms,0 KB,2019-02-13 09:48:00
30533522,Sep/20/2017 06:21,Paul_Guderian,862C - Mahmoud and Ehab and the xor,GNU C++11,Accepted,31 ms,0 KB,2017-09-20 06:21:00
32764681,Nov/29/2017 06:46,metowolf,862C - Mahmoud and Ehab and the xor,GNU C++14,Accepted,30 ms,1900 KB,2017-11-29 06:46:00
30810709,Sep/28/2017 19:38,Aliser,862C - Mahmoud and Ehab and the xor,GNU C++11,Accepted,31 ms,0 KB,2017-09-28 19:38:00
50278981,Feb/21/2019 14:47,sinePeter,862C - Mahmoud and Ehab and the xor,GNU C++11,Accepted,46 ms,0 KB,2019-02-21 14:47:00
70227638,Feb/04/2020 14:33,vjudge2,862C - Mahmoud and Ehab and the xor,MS C++,Accepted,46 ms,0 KB,2020-02-04 14:33:00
30505663,Sep/19/2017 18:18,* scorpion,862C - Mahmoud and Ehab and the xor,Python 2,Accepted,139 ms,4300 KB,2017-09-19 18:18:00
49853677,Feb/13/2019 08:53,vjudge3,862C - Mahmoud and Ehab and the xor,GNU C++14,Accepted,31 ms,0 KB,2019-02-13 08:53:00
30554851,Sep/20/2017 20:50,ALIKHM0,862C - Mahmoud and Ehab and the xor,GNU C++14,Accepted,31 ms,0 KB,2017-09-20 20:50:00
30524517,Sep/19/2017 20:50,YJH143,862C - Mahmoud and Ehab and the xor,GNU C++14,Accepted,31 ms,0 KB,2017-09-19 20:50:00
30626086,Sep/23/2017 00:47,ahmedAbuamra,862C - Mahmoud and Ehab and the xor,GNU C++14,Accepted,31 ms,1000 KB,2017-09-23 00:47:00
30514167,Sep/19/2017 19:05,DeadMan,862C - Mahmoud and Ehab and the xor,GNU C++11,Accepted,30 ms,0 KB,2017-09-19 19:05:00
30515251,Sep/19/2017 19:12,* nwi,862C - Mahmoud and Ehab and the xor,Python 2,Accepted,109 ms,0 KB,2017-09-19 19:12:00
30661918,Sep/24/2017 12:54,GiorgiAmbokadze,862C - Mahmoud and Ehab and the xor,GNU C++11,Accepted,62 ms,0 KB,2017-09-24 12:54:00
30524295,Sep/19/2017 20:46,denny_sem,862C - Mahmoud and Ehab and the xor,Python 3,Accepted,93 ms,6900 KB,2017-09-19 20:46:00
30577358,Sep/21/2017 15:32,kevi,862C - Mahmoud and Ehab and the xor,GNU C++,Accepted,31 ms,0 KB,2017-09-21 15:32:00
70235220,Feb/04/2020 16:27,vjudge4,862C - Mahmoud and Ehab and the xor,GNU C++11,Accepted,46 ms,0 KB,2020-02-04 16:27:00
30759621,Sep/26/2017 21:04,Ana2003Maisuradze,862C - Mahmoud and Ehab and the xor,GNU C++11,Accepted,249 ms,400 KB,2017-09-26 21:04:00
30534597,Sep/20/2017 07:46,Aikurce,862C - Mahmoud and Ehab and the xor,GNU C++11,Accepted,46 ms,100 KB,2017-09-20 07:46:00
30573152,Sep/21/2017 12:58,catsworld,862C - Mahmoud and Ehab and the xor,GNU C++,Accepted,31 ms,0 KB,2017-09-21 12:58:00
30903469,Oct/01/2017 11:40,Polzovatel,862C - Mahmoud and Ehab and the xor,FPC,Accepted,187 ms,0 KB,2017-10-01 11:40:00
30663446,Sep/24/2017 13:58,VOIE,862C - Mahmoud and Ehab and the xor,GNU C++11,Accepted,31 ms,0 KB,2017-09-24 13:58:00
51353765,Mar/16/2019 05:07,vjudge5,862C - Mahmoud and Ehab and the xor,GNU C++17,Accepted,31 ms,0 KB,2019-03-16 05:07:00
30544250,Sep/20/2017 15:12,_DYT,862C - Mahmoud and Ehab and the xor,GNU C++14,Accepted,31 ms,0 KB,2017-09-20 15:12:00
30519670,Sep/19/2017 19:46,achi_basadzishvili,862C - Mahmoud and Ehab and the xor,GNU C++14,Accepted,46 ms,0 KB,2017-09-19 19:46:00
30526401,Sep/19/2017 21:44,its_Atrap,862C - Mahmoud and Ehab and the xor,GNU C++14,Accepted,46 ms,0 KB,2017-09-19 21:44:00
30529376,Sep/20/2017 00:05,KleiberXD,862C - Mahmoud and Ehab and the xor,GNU C++11,Accepted,62 ms,0 KB,2017-09-20 00:05:00
30865423,Sep/30/2017 14:56,bati06,862C - Mahmoud and Ehab and the xor,GNU C++14,Accepted,31 ms,0 KB,2017-09-30 14:56:00
45511521,Nov/10/2018 16:17,MayFlyyh#,862C - Mahmoud and Ehab and the xor,GNU C++11,Accepted,46 ms,7900 KB,2018-11-10 16:17:00
42830666,Sep/13/2018 15:46,fffeyn,862C - Mahmoud and Ehab and the xor,GNU C++14,Accepted,46 ms,300 KB,2018-09-13 15:46:00
42861339,Sep/14/2018 16:02,luogu_bot3,862C - Mahmoud and Ehab and the xor,GNU C++11,Accepted,77 ms,0 KB,2018-09-14 16:02:00
30604287,Sep/22/2017 05:25,AtodNevs,862C - Mahmoud and Ehab and the xor,Python 3,Accepted,373 ms,600 KB,2017-09-22 05:25:00
30968355,Oct/03/2017 16:22,aostapec,862C - Mahmoud and Ehab and the xor,Python 3,Accepted,358 ms,400 KB,2017-10-03 16:22:00
49850418,Feb/13/2019 06:01,8frames,862C - Mahmoud and Ehab and the xor,GNU C++14,Accepted,46 ms,0 KB,2019-02-13 06:01:00
30602521,Sep/22/2017 02:06,wwyx2001,862C - Mahmoud and Ehab and the xor,GNU C++,Accepted,31 ms,0 KB,2017-09-22 02:06:00
70228281,Feb/04/2020 14:44,vjudge2,862C - Mahmoud and Ehab and the xor,GNU C++17,Accepted,46 ms,0 KB,2020-02-04 14:44:00
30533905,Sep/20/2017 06:52,ac_fun,862C - Mahmoud and Ehab and the xor,GNU C++11,Accepted,31 ms,0 KB,2017-09-20 06:52:00
30635611,Sep/23/2017 11:38,xskhirtladze,862C - Mahmoud and Ehab and the xor,GNU C++,Accepted,62 ms,0 KB,2017-09-23 11:38:00
30523749,Sep/19/2017 20:37,Akababa,862C - Mahmoud and Ehab and the xor,GNU C++14,Accepted,46 ms,0 KB,2017-09-19 20:37:00
30561689,Sep/21/2017 00:01,RMSZ005,862C - Mahmoud and Ehab and the xor,GNU C++11,Accepted,31 ms,0 KB,2017-09-21 00:01:00
30528060,Sep/19/2017 22:46,rishabjain603,862C - Mahmoud and Ehab and the xor,GNU C++11,Accepted,62 ms,0 KB,2017-09-19 22:46:00
30528077,Sep/19/2017 22:47,rishabjain603,862C - Mahmoud and Ehab and the xor,GNU C++11,Accepted,62 ms,0 KB,2017-09-19 22:47:00
30545016,Sep/20/2017 15:34,samyak.j,862C - Mahmoud and Ehab and the xor,GNU C++11,Accepted,62 ms,0 KB,2017-09-20 15:34:00
30878008,Sep/30/2017 20:53,md_08,862C - Mahmoud and Ehab and the xor,GNU C++14,Accepted,15 ms,0 KB,2017-09-30 20:53:00
31113024,Oct/07/2017 14:52,foreverpiano,862C - Mahmoud and Ehab and the xor,GNU C++14,Accepted,31 ms,0 KB,2017-10-07 14:52:00
30567999,Sep/21/2017 09:07,Starry_Sky,862C - Mahmoud and Ehab and the xor,GNU C++11,Accepted,31 ms,0 KB,2017-09-21 09:07:00
30768639,Sep/27/2017 08:57,nobleman,862C - Mahmoud and Ehab and the xor,GNU C++14,Accepted,31 ms,0 KB,2017-09-27 08:57:00
45877485,Nov/17/2018 15:34,Brankonymous,862C - Mahmoud and Ehab and the xor,GNU C++14,Accepted,46 ms,0 KB,2018-11-17 15:34:00
30580151,Sep/21/2017 17:08,bigbignoodle,862C - Mahmoud and Ehab and the xor,GNU C++,Accepted,61 ms,0 KB,2017-09-21 17:08:00
30624480,Sep/22/2017 22:46,TadijaSebez,862C - Mahmoud and Ehab and the xor,GNU C++11,Accepted,31 ms,0 KB,2017-09-22 22:46:00
31383743,Oct/16/2017 09:52,Marco_L_T,862C - Mahmoud and Ehab and the xor,GNU C++14,Accepted,31 ms,1800 KB,2017-10-16 09:52:00
30516702,Sep/19/2017 19:23,kwangg,862C - Mahmoud and Ehab and the xor,Python 3,Accepted,109 ms,7300 KB,2017-09-19 19:23:00
49855810,Feb/13/2019 10:07,vjudge1,862C - Mahmoud and Ehab and the xor,GNU C++14,Accepted,31 ms,0 KB,2019-02-13 10:07:00
30567121,Sep/21/2017 07:53,JNS#,862C - Mahmoud and Ehab and the xor,GNU C++11,Accepted,31 ms,100 KB,2017-09-21 07:53:00
30787766,Sep/27/2017 22:29,No0oB,862C - Mahmoud and Ehab and the xor,GNU C++,Accepted,62 ms,0 KB,2017-09-27 22:29:00
30543985,Sep/20/2017 15:03,zydsgwan,862C - Mahmoud and Ehab and the xor,GNU C++14,Accepted,30 ms,1000 KB,2017-09-20 15:03:00
30567116,Sep/21/2017 07:53,JNS#,862C - Mahmoud and Ehab and the xor,GNU C++11,Accepted,31 ms,100 KB,2017-09-21 07:53:00
30534770,Sep/20/2017 07:57,E.Vera.Tse,862C - Mahmoud and Ehab and the xor,GNU C++,Accepted,62 ms,100 KB,2017-09-20 07:57:00
30744317,Sep/26/2017 11:25,89991807,862C - Mahmoud and Ehab and the xor,GNU C++,Accepted,31 ms,0 KB,2017-09-26 11:25:00
36449376,Mar/21/2018 11:58,Caesar_#,862C - Mahmoud and Ehab and the xor,GNU C++,Accepted,46 ms,4100 KB,2018-03-21 11:58:00
36451015,Mar/21/2018 13:24,Caesar_,862C - Mahmoud and Ehab and the xor,GNU C++,Accepted,46 ms,4100 KB,2018-03-21 13:24:00
61602673,Oct/01/2019 14:38,luogu_bot1,862C - Mahmoud and Ehab and the xor,Python 3,Accepted,171 ms,6900 KB,2019-10-01 14:38:00
31051613,Oct/06/2017 06:07,dwh,862C - Mahmoud and Ehab and the xor,GNU C++,Accepted,62 ms,0 KB,2017-10-06 06:07:00
30527153,Sep/19/2017 22:13,nanicode,862C - Mahmoud and Ehab and the xor,GNU C++11,Accepted,31 ms,400 KB,2017-09-19 22:13:00
31913371,Oct/31/2017 10:41,LucienShui,862C - Mahmoud and Ehab and the xor,GNU C++11,Accepted,31 ms,0 KB,2017-10-31 10:41:00
30545930,Sep/20/2017 16:00,BobHuang,862C - Mahmoud and Ehab and the xor,GNU C++14,Accepted,31 ms,0 KB,2017-09-20 16:00:00
60494861,Sep/13/2019 18:56,Kaitokid,862C - Mahmoud and Ehab and the xor,GNU C++11,Accepted,62 ms,0 KB,2019-09-13 18:56:00
30569108,Sep/21/2017 10:18,Bnahmad15,862C - Mahmoud and Ehab and the xor,GNU C++14,Accepted,31 ms,0 KB,2017-09-21 10:18:00
30777189,Sep/27/2017 15:49,luke0201#,862C - Mahmoud and Ehab and the xor,Python 3,Accepted,265 ms,2800 KB,2017-09-27 15:49:00
30895453,Oct/01/2017 03:33,dionysios#,862C - Mahmoud and Ehab and the xor,GNU C++14,Accepted,31 ms,0 KB,2017-10-01 03:33:00
30960459,Oct/03/2017 10:09,falseangel,862C - Mahmoud and Ehab and the xor,GNU C++14,Accepted,31 ms,0 KB,2017-10-03 10:09:00
30568411,Sep/21/2017 09:37,just_soso,862C - Mahmoud and Ehab and the xor,GNU C++11,Accepted,233 ms,0 KB,2017-09-21 09:37:00
30830586,Sep/29/2017 16:30,nunally,862C - Mahmoud and Ehab and the xor,GNU C++14,Accepted,31 ms,0 KB,2017-09-29 16:30:00
31578708,Oct/21/2017 18:10,romanhabibov,862C - Mahmoud and Ehab and the xor,GNU C++11,Accepted,31 ms,2000 KB,2017-10-21 18:10:00
32157889,Nov/09/2017 15:42,vjudge4,862C - Mahmoud and Ehab and the xor,GNU C++14,Accepted,30 ms,0 KB,2017-11-09 15:42:00
51353933,Mar/16/2019 05:16,vjudge4,862C - Mahmoud and Ehab and the xor,GNU C++17,Accepted,46 ms,0 KB,2019-03-16 05:16:00
70237733,Feb/04/2020 17:00,vjudge2,862C - Mahmoud and Ehab and the xor,MS C++ 2017,Accepted,62 ms,0 KB,2020-02-04 17:00:00
30516595,Sep/19/2017 19:22,* mutreta,862C - Mahmoud and Ehab and the xor,GNU C++14,Accepted,30 ms,0 KB,2017-09-19 19:22:00
30768415,Sep/27/2017 08:44,nobleman,862C - Mahmoud and Ehab and the xor,GNU C++14,Accepted,46 ms,0 KB,2017-09-27 08:44:00
50424130,Feb/24/2019 13:37,hpotter97762,862C - Mahmoud and Ehab and the xor,GNU C++17,Accepted,46 ms,800 KB,2019-02-24 13:37:00
30531769,Sep/20/2017 03:58,Als123,862C - Mahmoud and Ehab and the xor,GNU C++14,Accepted,30 ms,0 KB,2017-09-20 03:58:00
30549110,Sep/20/2017 17:41,cookyy,862C - Mahmoud and Ehab and the xor,GNU C++14,Accepted,31 ms,0 KB,2017-09-20 17:41:00
33848596,Jan/01/2018 17:04,Jiburiru,862C - Mahmoud and Ehab and the xor,GNU C++11,Accepted,46 ms,5200 KB,2018-01-01 17:04:00
59872410,Sep/01/2019 23:10,_rdv_,862C - Mahmoud and Ehab and the xor,PyPy 3,Accepted,202 ms,8200 KB,2019-09-01 23:10:00
30865207,Sep/30/2017 14:47,bati06,862C - Mahmoud and Ehab and the xor,GNU C++14,Accepted,31 ms,0 KB,2017-09-30 14:47:00
52442907,Apr/07/2019 09:59,codingkshatriya,862C - Mahmoud and Ehab and the xor,GNU C++14,Accepted,46 ms,200 KB,2019-04-07 09:59:00
58307103,Aug/04/2019 22:55,Nihad_Nabelsi,862C - Mahmoud and Ehab and the xor,GNU C++17,Accepted,46 ms,400 KB,2019-08-04 22:55:00
30533955,Sep/20/2017 06:56,frzhi,862C - Mahmoud and Ehab and the xor,GNU C++,Accepted,31 ms,0 KB,2017-09-20 06:56:00
30639439,Sep/23/2017 14:17,whczss,862C - Mahmoud and Ehab and the xor,GNU C++14,Accepted,30 ms,0 KB,2017-09-23 14:17:00
30693983,Sep/25/2017 05:51,xioamingming,862C - Mahmoud and Ehab and the xor,GNU C++11,Accepted,62 ms,0 KB,2017-09-25 05:51:00
32924810,Dec/04/2017 18:40,Jiburiru,862C - Mahmoud and Ehab and the xor,GNU C++11,Accepted,46 ms,5200 KB,2017-12-04 18:40:00
49875029,Feb/13/2019 18:29,vjudge4,862C - Mahmoud and Ehab and the xor,GNU C++14,Accepted,46 ms,0 KB,2019-02-13 18:29:00
49853429,Feb/13/2019 08:43,vjudge2,862C - Mahmoud and Ehab and the xor,GNU C++14,Accepted,46 ms,0 KB,2019-02-13 08:43:00
30516170,Sep/19/2017 19:19,hahho,862C - Mahmoud and Ehab and the xor,Python 3,Accepted,109 ms,5000 KB,2017-09-19 19:19:00
30627247,Sep/23/2017 02:57,AMnu,862C - Mahmoud and Ehab and the xor,GNU C++14,Accepted,31 ms,0 KB,2017-09-23 02:57:00
50276902,Feb/21/2019 13:35,vjudge2,862C - Mahmoud and Ehab and the xor,GNU C++11,Accepted,46 ms,400 KB,2019-02-21 13:35:00
33409490,Dec/19/2017 16:31,First4196,862C - Mahmoud and Ehab and the xor,GNU C++14,Accepted,15 ms,2000 KB,2017-12-19 16:31:00
49861593,Feb/13/2019 12:47,vjudge3,862C - Mahmoud and Ehab and the xor,GNU C++14,Accepted,46 ms,0 KB,2019-02-13 12:47:00
30539863,Sep/20/2017 12:26,MSTXI,862C - Mahmoud and Ehab and the xor,GNU C++14,Accepted,31 ms,100 KB,2017-09-20 12:26:00
31241336,Oct/12/2017 15:58,Carls#,862C - Mahmoud and Ehab and the xor,GNU C++11,Accepted,31 ms,0 KB,2017-10-12 15:58:00
34290612,Jan/19/2018 06:26,Carls#,862C - Mahmoud and Ehab and the xor,GNU C++11,Accepted,31 ms,2000 KB,2018-01-19 06:26:00
30901082,Oct/01/2017 09:59,vjudge4,862C - Mahmoud and Ehab and the xor,GNU C++,Accepted,61 ms,0 KB,2017-10-01 09:59:00
30559660,Sep/20/2017 22:00,abi_1998,862C - Mahmoud and Ehab and the xor,GNU C++14,Accepted,31 ms,0 KB,2017-09-20 22:00:00
30655280,Sep/24/2017 04:32,chaiyihan,862C - Mahmoud and Ehab and the xor,GNU C++,Accepted,31 ms,0 KB,2017-09-24 04:32:00
30547279,Sep/20/2017 16:41,flytosky2015,862C - Mahmoud and Ehab and the xor,GNU C++14,Accepted,15 ms,0 KB,2017-09-20 16:41:00
30547577,Sep/20/2017 16:51,flytosky2015,862C - Mahmoud and Ehab and the xor,GNU C++14,Accepted,31 ms,0 KB,2017-09-20 16:51:00
31598855,Oct/22/2017 12:20,vjudge4,862C - Mahmoud and Ehab and the xor,MS C++,Accepted,46 ms,2000 KB,2017-10-22 12:20:00
30908378,Oct/01/2017 15:18,cscandkswon,862C - Mahmoud and Ehab and the xor,GNU C++11,Accepted,31 ms,0 KB,2017-10-01 15:18:00
54633062,May/25/2019 18:27,ys1468362286,862C - Mahmoud and Ehab and the xor,MS C++,Accepted,46 ms,0 KB,2019-05-25 18:27:00
30566223,Sep/21/2017 06:17,askl1997,862C - Mahmoud and Ehab and the xor,GNU C++14,Accepted,31 ms,0 KB,2017-09-21 06:17:00
31936697,Nov/01/2017 05:21,CyberZHG,862C - Mahmoud and Ehab and the xor,PyPy 2,Accepted,77 ms,3800 KB,2017-11-01 05:21:00
30546926,Sep/20/2017 16:29,Photon_,862C - Mahmoud and Ehab and the xor,GNU C++14,Accepted,31 ms,0 KB,2017-09-20 16:29:00
30635640,Sep/23/2017 11:40,anaonofrishvili,862C - Mahmoud and Ehab and the xor,GNU C++11,Accepted,77 ms,0 KB,2017-09-23 11:40:00
30524708,Sep/19/2017 20:54,Butskhrikidze,862C - Mahmoud and Ehab and the xor,GNU C++14,Accepted,30 ms,0 KB,2017-09-19 20:54:00
30573598,Sep/21/2017 13:18,Last_christmas,862C - Mahmoud and Ehab and the xor,GNU C++14,Accepted,31 ms,0 KB,2017-09-21 13:18:00
32091651,Nov/06/2017 13:41,John23,862C - Mahmoud and Ehab and the xor,GNU C++11,Accepted,62 ms,100 KB,2017-11-06 13:41:00
30664193,Sep/24/2017 14:25,banagg,862C - Mahmoud and Ehab and the xor,GNU C++14,Accepted,31 ms,0 KB,2017-09-24 14:25:00
40487158,Jul/17/2018 20:25,Bation_King,862C - Mahmoud and Ehab and the xor,GNU C++17,Accepted,31 ms,3900 KB,2018-07-17 20:25:00
41383326,Aug/09/2018 06:47,vjudge4,862C - Mahmoud and Ehab and the xor,GNU C++11,Accepted,62 ms,0 KB,2018-08-09 06:47:00
30528212,Sep/19/2017 22:53,ltomic,862C - Mahmoud and Ehab and the xor,GNU C++14,Accepted,30 ms,0 KB,2017-09-19 22:53:00
31918805,Oct/31/2017 14:15,kesh5210,862C - Mahmoud and Ehab and the xor,GNU C++14,Accepted,31 ms,0 KB,2017-10-31 14:15:00
30827527,Sep/29/2017 15:08,mmachaidze,862C - Mahmoud and Ehab and the xor,GNU C++11,Accepted,77 ms,0 KB,2017-09-29 15:08:00
31172373,Oct/09/2017 19:09,aka.Foda,862C - Mahmoud and Ehab and the xor,GNU C++14,Accepted,31 ms,0 KB,2017-10-09 19:09:00
30550437,Sep/20/2017 18:25,AIChannel,862C - Mahmoud and Ehab and the xor,MS C++,Accepted,77 ms,200 KB,2017-09-20 18:25:00
30567059,Sep/21/2017 07:49,Always,862C - Mahmoud and Ehab and the xor,GNU C++,Accepted,31 ms,0 KB,2017-09-21 07:49:00
31010074,Oct/05/2017 09:44,dwh,862C - Mahmoud and Ehab and the xor,GNU C++,Accepted,62 ms,0 KB,2017-10-05 09:44:00
46018209,Nov/21/2018 08:58,cocktail,862C - Mahmoud and Ehab and the xor,GNU C++11,Accepted,77 ms,0 KB,2018-11-21 08:58:00
31125822,Oct/07/2017 21:49,LukaGogoladze,862C - Mahmoud and Ehab and the xor,GNU C++,Accepted,61 ms,400 KB,2017-10-07 21:49:00
31134562,Oct/08/2017 09:26,LukaGogoladze,862C - Mahmoud and Ehab and the xor,GNU C++,Accepted,62 ms,400 KB,2017-10-08 09:26:00
35385747,Feb/17/2018 11:21,Saurabh303,862C - Mahmoud and Ehab and the xor,GNU C++14,Accepted,31 ms,2000 KB,2018-02-17 11:21:00
70217660,Feb/04/2020 13:12,vjudge3,862C - Mahmoud and Ehab and the xor,MS C++,Accepted,62 ms,0 KB,2020-02-04 13:12:00
30534165,Sep/20/2017 07:12,sharma7,862C - Mahmoud and Ehab and the xor,GNU C++,Accepted,62 ms,0 KB,2017-09-20 07:12:00
30550348,Sep/20/2017 18:22,AIChannel,862C - Mahmoud and Ehab and the xor,MS C++,Accepted,62 ms,200 KB,2017-09-20 18:22:00
76316588,Apr/12/2020 13:29,iit_ya_ism,862C - Mahmoud and Ehab and the xor,GNU C++17,Accepted,46 ms,300 KB,2020-04-12 13:29:00
30550634,Sep/20/2017 18:32,yuege27,862C - Mahmoud and Ehab and the xor,GNU C++11,Accepted,31 ms,0 KB,2017-09-20 18:32:00
30739452,Sep/26/2017 06:37,"GC is the strongest, i admire you!!!: MrMorning, zht467#",862C - Mahmoud and Ehab and the xor,GNU C++,Accepted,31 ms,0 KB,2017-09-26 06:37:00
38388139,May/18/2018 06:56,20164686qzw,862C - Mahmoud and Ehab and the xor,GNU C++11,Accepted,77 ms,0 KB,2018-05-18 06:56:00
35173153,Feb/12/2018 11:59,aniz,862C - Mahmoud and Ehab and the xor,GNU C++11,Accepted,31 ms,4100 KB,2018-02-12 11:59:00
35613086,Feb/24/2018 04:52,boatinw99,862C - Mahmoud and Ehab and the xor,GNU C++11,Accepted,46 ms,3000 KB,2018-02-24 04:52:00
30525105,Sep/19/2017 21:04,swap_49,862C - Mahmoud and Ehab and the xor,GNU C++14,Accepted,31 ms,0 KB,2017-09-19 21:04:00
30560343,Sep/20/2017 22:33,mlz000,862C - Mahmoud and Ehab and the xor,GNU C++14,Accepted,31 ms,0 KB,2017-09-20 22:33:00
30633800,Sep/23/2017 10:04,winner.winner,862C - Mahmoud and Ehab and the xor,GNU C++14,Accepted,30 ms,0 KB,2017-09-23 10:04:00
30541314,Sep/20/2017 13:28,Kyoko,862C - Mahmoud and Ehab and the xor,GNU C++14,Accepted,30 ms,0 KB,2017-09-20 13:28:00
30580613,Sep/21/2017 17:25,jiaangk_,862C - Mahmoud and Ehab and the xor,GNU C++,Accepted,62 ms,0 KB,2017-09-21 17:25:00
30532299,Sep/20/2017 04:42,DOUB7E,862C - Mahmoud and Ehab and the xor,GNU C++14,Accepted,31 ms,0 KB,2017-09-20 04:42:00
30733141,Sep/25/2017 19:34,venkat1997,862C - Mahmoud and Ehab and the xor,GNU C++14,Accepted,31 ms,0 KB,2017-09-25 19:34:00
31894455,Oct/30/2017 16:14,bati06,862C - Mahmoud and Ehab and the xor,GNU C++14,Accepted,31 ms,0 KB,2017-10-30 16:14:00
31170680,Oct/09/2017 17:55,da929,862C - Mahmoud and Ehab and the xor,GNU C++14,Accepted,31 ms,0 KB,2017-10-09 17:55:00
49609434,Feb/08/2019 01:07,Alaa_hboubati,862C - Mahmoud and Ehab and the xor,GNU C++11,Accepted,77 ms,800 KB,2019-02-08 01:07:00
30642267,Sep/23/2017 16:03,Liu_Yuchen,862C - Mahmoud and Ehab and the xor,GNU C++11,Accepted,31 ms,400 KB,2017-09-23 16:03:00
30734887,Sep/25/2017 23:44,fortmax120,862C - Mahmoud and Ehab and the xor,Python 2,Accepted,77 ms,5900 KB,2017-09-25 23:44:00
30604379,Sep/22/2017 05:34,chupa_chups1996,862C - Mahmoud and Ehab and the xor,GNU C++11,Accepted,62 ms,0 KB,2017-09-22 05:34:00
31027988,Oct/05/2017 12:47,yypurpose12345,862C - Mahmoud and Ehab and the xor,GNU C++,Accepted,31 ms,0 KB,2017-10-05 12:47:00
30547935,Sep/20/2017 17:03,FixerHuixer,862C - Mahmoud and Ehab and the xor,GNU C++11,Accepted,62 ms,0 KB,2017-09-20 17:03:00
32095958,Nov/06/2017 15:47,grands,862C - Mahmoud and Ehab and the xor,GNU C++14,Accepted,31 ms,0 KB,2017-11-06 15:47:00
41380798,Aug/09/2018 05:06,vjudge4,862C - Mahmoud and Ehab and the xor,GNU C++,Accepted,46 ms,400 KB,2018-08-09 05:06:00
30514508,Sep/19/2017 19:07,Subconscious,862C - Mahmoud and Ehab and the xor,GNU C++11,Accepted,31 ms,600 KB,2017-09-19 19:07:00
30539034,Sep/20/2017 11:49,MAMATOLDME,862C - Mahmoud and Ehab and the xor,GNU C++14,Accepted,31 ms,400 KB,2017-09-20 11:49:00
30635149,Sep/23/2017 11:19,1mszs,862C - Mahmoud and Ehab and the xor,GNU C++,Accepted,31 ms,0 KB,2017-09-23 11:19:00
70227002,Feb/04/2020 14:21,vjudge1,862C - Mahmoud and Ehab and the xor,GNU C++17,Accepted,46 ms,0 KB,2020-02-04 14:21:00
70227171,Feb/04/2020 14:24,vjudge4,862C - Mahmoud and Ehab and the xor,GNU C++17,Accepted,46 ms,0 KB,2020-02-04 14:24:00
30522481,Sep/19/2017 20:04,foobarthomas,862C - Mahmoud and Ehab and the xor,GNU C++11,Accepted,46 ms,0 KB,2017-09-19 20:04:00
30532481,Sep/20/2017 04:59,xlplayer,862C - Mahmoud and Ehab and the xor,GNU C++,Accepted,62 ms,400 KB,2017-09-20 04:59:00
30514716,Sep/19/2017 19:09,* garuna,862C - Mahmoud and Ehab and the xor,GNU C++11,Accepted,62 ms,0 KB,2017-09-19 19:09:00
30532818,Sep/20/2017 05:29,statusrank,862C - Mahmoud and Ehab and the xor,GNU C++14,Accepted,31 ms,0 KB,2017-09-20 05:29:00
30676977,Sep/24/2017 18:18,Miris,862C - Mahmoud and Ehab and the xor,MS C++,Accepted,77 ms,0 KB,2017-09-24 18:18:00
30727476,Sep/25/2017 16:57,bonfire,862C - Mahmoud and Ehab and the xor,GNU C++14,Accepted,15 ms,0 KB,2017-09-25 16:57:00
30507275,Sep/19/2017 18:25,* squee_spoon,862C - Mahmoud and Ehab and the xor,GNU C++11,Accepted,31 ms,0 KB,2017-09-19 18:25:00
70699905,Feb/10/2020 05:01,cosini,862C - Mahmoud and Ehab and the xor,GNU C++11,Accepted,31 ms,0 KB,2020-02-10 05:01:00
30619284,Sep/22/2017 18:40,GioChkhaidze,862C - Mahmoud and Ehab and the xor,GNU C++11,Accepted,62 ms,0 KB,2017-09-22 18:40:00
31123372,Oct/07/2017 20:08,siddhantgarg#,862C - Mahmoud and Ehab and the xor,GNU C++14,Accepted,31 ms,0 KB,2017-10-07 20:08:00
42008532,Aug/23/2018 23:30,Mohamed_Ayman,862C - Mahmoud and Ehab and the xor,GNU C++11,Accepted,78 ms,0 KB,2018-08-23 23:30:00
30522942,Sep/19/2017 20:27,pranavanurag,862C - Mahmoud and Ehab and the xor,GNU C++14,Accepted,30 ms,0 KB,2017-09-19 20:27:00
30523607,Sep/19/2017 20:35,Ostkaka,862C - Mahmoud and Ehab and the xor,GNU C++14,Accepted,30 ms,0 KB,2017-09-19 20:35:00
69255592,Jan/21/2020 18:33,wf9036,862C - Mahmoud and Ehab and the xor,GNU C++11,Accepted,62 ms,0 KB,2020-01-21 18:33:00
51360420,Mar/16/2019 09:57,fefeng,862C - Mahmoud and Ehab and the xor,GNU C++14,Accepted,31 ms,0 KB,2019-03-16 09:57:00
51361260,Mar/16/2019 10:25,fefeng,862C - Mahmoud and Ehab and the xor,GNU C++14,Accepted,46 ms,0 KB,2019-03-16 10:25:00
30561406,Sep/20/2017 23:41,3rbi,862C - Mahmoud and Ehab and the xor,GNU C++14,Accepted,31 ms,0 KB,2017-09-20 23:41:00
30536412,Sep/20/2017 09:37,talker,862C - Mahmoud and Ehab and the xor,GNU C++11,Accepted,31 ms,300 KB,2017-09-20 09:37:00
