26184141,Apr/07/2017 07:56,leela,1A - Theatre Square,Python 3,Accepted,62 ms,5400 KB,2017-04-07 07:56:00,1
77672738,Apr/22/2020 19:22,Dinara01022000,2A - Winner,Python 3,Accepted,218 ms,300 KB,2020-04-22 19:22:00,2
77675658,Apr/22/2020 19:50,Dinara01022000,3A - Shortest path of the king,Python 3,Accepted,218 ms,300 KB,2020-04-22 19:50:00,3
23413326,Dec/30/2016 08:52,r.mustapha.amine,4A - Watermelon,Python 3,Accepted,154 ms,4500 KB,2016-12-30 08:52:00,4
63197326,Oct/22/2019 22:03,vishnutheerthep,5A - Chat Servers Outgoing Traffic,Python 3,Accepted,218 ms,300 KB,2019-10-22 22:03:00,5
15913452,Feb/09/2016 16:17,not_bot_but_POT,6A - Triangle,Python 3,Accepted,154 ms,0 KB,2016-02-09 16:17:00,6
77677476,Apr/22/2020 20:08,Dinara01022000,7A - Kalevitch and Chess,Python 3,Accepted,218 ms,0 KB,2020-04-22 20:08:00,7
15258528,Jan/08/2016 21:09,merolish,8A - Train and Peter,Python 3,Accepted,184 ms,200 KB,2016-01-08 21:09:00,8
62523601,Oct/13/2019 19:33,Soumya_123,9A - Die Roll,Python 3,Accepted,218 ms,0 KB,2019-10-13 19:33:00,9
79202306,May/06/2020 19:50,coderemite,10A - Power Consumption Calculation,Python 3,Accepted,218 ms,6800 KB,2020-05-06 19:50:00,10
79141476,May/06/2020 16:03,coderemite,11A - Increasing Sequence,Python 3,Accepted,218 ms,300 KB,2020-05-06 16:03:00,11
69686110,Jan/28/2020 20:03,cs1g,12A - Super Agent,Python 3,Accepted,248 ms,0 KB,2020-01-28 20:03:00,12
79405177,May/08/2020 21:13,coderemite,13A - Numbers,Python 3,Accepted,218 ms,6500 KB,2020-05-08 21:13:00,13
79010123,May/05/2020 02:30,coderemite,14A - Letter,Python 3,Accepted,186 ms,300 KB,2020-05-05 02:30:00,14
22062238,Nov/05/2016 21:00,Amores,15A - Cottage Village,Python 3,Accepted,154 ms,300 KB,2016-11-05 21:00:00,15
78997551,May/04/2020 21:54,coderemite,16A - Flag,Python 3,Accepted,218 ms,0 KB,2020-05-04 21:54:00,16
51935830,Mar/28/2019 15:26,vjudge1,17A - Noldbach problem,Python 3,Accepted,248 ms,0 KB,2019-03-28 15:26:00,17
73151499,Mar/13/2020 18:51,sairahul2001,18A - Triangle,Python 3,Accepted,280 ms,300 KB,2020-03-13 18:51:00,18
9376331,Jan/07/2015 05:06,SteelRaven,19A - World Football Cup,Python 3,Accepted,154 ms,0 KB,2015-01-07 05:06:00,19
70942192,Feb/13/2020 11:47,zhanghengrui,20A - BerOS file system,Python 3,Accepted,280 ms,0 KB,2020-02-13 11:47:00,20
60185880,Sep/06/2019 21:28,mb1te,21A - Jabber ID,Python 3,Accepted,171 ms,800 KB,2019-09-06 21:28:00,21
78991900,May/04/2020 20:37,coderemite,22A - Second Order Statistics,Python 3,Accepted,218 ms,0 KB,2020-05-04 20:37:00,22
9376401,Jan/07/2015 05:32,SteelRaven,23A - You're Given a String...,Python 3,Accepted,156 ms,0 KB,2015-01-07 05:32:00,23
79669391,May/10/2020 18:47,hackerbaba,24A - Ring road,Python 3,Accepted,218 ms,6500 KB,2020-05-10 18:47:00,24
30629662,Sep/23/2017 07:12,winstontsai,25A - IQ test,Python 3,Accepted,122 ms,0 KB,2017-09-23 07:12:00,25
55073000,Jun/04/2019 10:13,iMu_21,26A - Almost Prime,Python 3,Accepted,216 ms,0 KB,2019-06-04 10:13:00,26
79658116,May/10/2020 16:41,anjit_6294,27A - Next Test,Python 3,Accepted,278 ms,6900 KB,2020-05-10 16:41:00,27
35772476,Feb/27/2018 21:49,Qumeric,28A - Bender Problem,Python 3,Accepted,156 ms,5900 KB,2018-02-27 21:49:00,28
79414941,May/08/2020 23:39,coderemite,29A - Spit Problem,Python 3,Accepted,218 ms,6500 KB,2020-05-08 23:39:00,29
9383295,Jan/08/2015 04:50,SteelRaven,30A - Accounting,Python 3,Accepted,124 ms,0 KB,2015-01-08 04:50:00,30
72352527,Mar/03/2020 19:36,cs1g,31A - Worms Evolution,Python 3,Accepted,218 ms,0 KB,2020-03-03 19:36:00,31
73921389,Mar/22/2020 01:30,coderemite,32A - Reconnaissance,Python 3,Accepted,624 ms,300 KB,2020-03-22 01:30:00,32
52875700,Apr/16/2019 22:28,kp_2141,33A - What is for dinner?,Python 3,Accepted,218 ms,0 KB,2019-04-16 22:28:00,33
20887579,Sep/24/2016 15:19,Amores,34A - Reconnaissance 2,Python 3,Accepted,124 ms,0 KB,2016-09-24 15:19:00,34
79416425,May/09/2020 00:08,coderemite,35A - Shell Game,Python 3,Accepted,216 ms,6500 KB,2020-05-09 00:08:00,35
22026986,Nov/04/2016 07:59,Amores,36A - Extra-terrestrial Intelligence,Python 3,Accepted,156 ms,0 KB,2016-11-04 07:59:00,36
67739240,Dec/27/2019 19:16,jvti,37A - Towers,Python 3,Accepted,248 ms,300 KB,2019-12-27 19:16:00,37
69675628,Jan/28/2020 17:12,stars_in_the_sky,38A - Army,Python 3,Accepted,218 ms,0 KB,2020-01-28 17:12:00,38
66011089,Nov/30/2019 05:32,MinecraftFuns,39A - C*++ Calculations,Python 3,Accepted,310 ms,1000 KB,2019-11-30 05:32:00,39
72679271,Mar/07/2020 20:13,cs1g,40A - Find Color,Python 3,Accepted,218 ms,0 KB,2020-03-07 20:13:00,40
4333632,Aug/24/2013 22:03,hl_joker,41A - Translation,Python 3,Accepted,124 ms,0 KB,2013-08-24 22:03:00,41
15101288,Dec/30/2015 17:28,merolish,42A - Guilty --- to the kitchen!,Python 3,Accepted,124 ms,0 KB,2015-12-30 17:28:00,42
63948928,Oct/31/2019 23:08,Soumya_123,43A - Football,Python 3,Accepted,248 ms,0 KB,2019-10-31 23:08:00,43
79204547,May/06/2020 21:39,coderemite,44A - Indian Summer,Python 3,Accepted,218 ms,6500 KB,2020-05-06 21:39:00,44
79208947,May/07/2020 00:21,coderemite,45A - Codecraft III,Python 3,Accepted,310 ms,7500 KB,2020-05-07 00:21:00,45
58926369,Aug/16/2019 22:45,vats8,46A - Ball Game,Python 3,Accepted,248 ms,0 KB,2019-08-16 22:45:00,46
51971905,Mar/29/2019 15:46,UTMoonlight,47A - Triangular numbers,Python 3,Accepted,218 ms,0 KB,2019-03-29 15:46:00,47
74676366,Mar/28/2020 23:47,coderemite,48A - Rock-paper-scissors,Python 3,Accepted,248 ms,0 KB,2020-03-28 23:47:00,48
49117411,Jan/28/2019 20:34,Pragya464,49A - Sleuth,Python 3,Accepted,218 ms,0 KB,2019-01-28 20:34:00,49
11324563,May/27/2015 21:53,SerVasilich,50A - Domino piling,Python 3,Accepted,92 ms,0 KB,2015-05-27 21:53:00,50
72723105,Mar/08/2020 14:01,cs1g,51A - Cheaterius's Problem,Python 3,Accepted,248 ms,300 KB,2020-03-08 14:01:00,51
79172394,May/06/2020 18:10,coderemite,52A - 123-sequence,Python 3,Accepted,278 ms,11600 KB,2020-05-06 18:10:00,52
47510939,Dec/26/2018 09:29,Azizullo_Sadriddinov,53A - Autocomplete,Python 3,Accepted,218 ms,0 KB,2018-12-26 09:29:00,53
72741977,Mar/08/2020 19:46,cs1g,54A - Presents,Python 3,Accepted,218 ms,300 KB,2020-03-08 19:46:00,54
72125774,Mar/01/2020 02:28,luogu_bot1,55A - Flea travel,Python 3,Accepted,124 ms,300 KB,2020-03-01 02:28:00,55
79404504,May/08/2020 21:04,coderemite,56A - Bar,Python 3,Accepted,218 ms,6500 KB,2020-05-08 21:04:00,56
55566878,Jun/14/2019 18:59,aman06016,57A - Square Earth?,Python 3,Accepted,218 ms,0 KB,2019-06-14 18:59:00,57
43978099,Oct/08/2018 02:01,Cathos,58A - Chat room,Python 3,Accepted,124 ms,0 KB,2018-10-08 02:01:00,58
44008427,Oct/08/2018 20:02,Cathos,59A - Word,Python 3,Accepted,248 ms,0 KB,2018-10-08 20:02:00,59
72777245,Mar/09/2020 13:06,cs1g,60A - Where Are My Flakes?,Python 3,Accepted,248 ms,300 KB,2020-03-09 13:06:00,60
29540443,Aug/18/2017 02:17,ecnerwala,61A - Ultra-Fast Mathematician,Python 3,Accepted,62 ms,0 KB,2017-08-18 02:17:00,61
47777884,Dec/31/2018 08:48,SirULG,62A - A Student's Dream,Python 3,Accepted,218 ms,0 KB,2018-12-31 08:48:00,62
79093369,May/06/2020 00:58,coderemite,63A - Sinking Ship,Python 3,Accepted,216 ms,0 KB,2020-05-06 00:58:00,63
6014558,Mar/14/2014 15:24,yugle7,65A - Harry Potter and Three Spells,Python 3,Accepted,218 ms,0 KB,2014-03-14 15:24:00,65
19643755,Aug/05/2016 07:59,Amores,66A - Petya and Java,Python 3,Accepted,124 ms,4500 KB,2016-08-05 07:59:00,66
36777991,Mar/31/2018 18:36,MassterMax,67A - Partial Teacher,Python 3,Accepted,186 ms,6900 KB,2018-03-31 18:36:00,67
21206339,Oct/05/2016 13:53,orailly,68A - Irrational problem,Python 3,Accepted,154 ms,0 KB,2016-10-05 13:53:00,68
43994223,Oct/08/2018 13:39,Cathos,69A - Young Physicist,Python 3,Accepted,248 ms,0 KB,2018-10-08 13:39:00,69
21607829,Oct/20/2016 06:30,Amores,70A - Cookies,Python 3,Accepted,77 ms,0 KB,2016-10-20 06:30:00,70
47494714,Dec/25/2018 17:19,vjudge1,71A - Way Too Long Words,Python 3,Accepted,109 ms,0 KB,2018-12-25 17:19:00,71
5455980,Dec/17/2013 19:00,yugle7,73A - The Elder Trolls IV: Oblivon,Python 3,Accepted,124 ms,0 KB,2013-12-17 19:00:00,73
79417827,May/09/2020 00:44,coderemite,74A - Room Leader,Python 3,Accepted,248 ms,6500 KB,2020-05-09 00:44:00,74
18891385,Jul/05/2016 04:45,Amores,75A - Life Without Zeros,Python 3,Accepted,124 ms,0 KB,2016-07-05 04:45:00,75
20485648,Sep/09/2016 22:57,Amores,77A - Heroes,Python 3,Accepted,186 ms,300 KB,2016-09-09 22:57:00,77
79004557,May/04/2020 23:55,coderemite,78A - Haiku,Python 3,Accepted,218 ms,0 KB,2020-05-04 23:55:00,78
14550324,Nov/29/2015 03:19,Eeyore,79A - Bus Game,Python 3,Accepted,154 ms,0 KB,2015-11-29 03:19:00,79
20447827,Sep/08/2016 03:51,Amores,80A - Panoramix's Prediction,Python 3,Accepted,154 ms,0 KB,2016-09-08 03:51:00,80
7890623,Sep/21/2014 09:25,Qumeric,81A - Plug-in,Python 3,Accepted,280 ms,2300 KB,2014-09-21 09:25:00,81
18866998,Jul/03/2016 14:38,borbor,82A - Double Cola,Python 3,Accepted,62 ms,0 KB,2016-07-03 14:38:00,82
4031200,Jul/06/2013 17:53,nab,84B - Magical Array,Python 3,Accepted,156 ms,7900 KB,2013-07-06 17:53:00,83
5115981,Nov/15/2013 14:47,aminfadaee16,84A - Toy Army,Python 3,Accepted,124 ms,0 KB,2013-11-15 14:47:00,84
5052045,Nov/10/2013 22:51,yugle7,85A - Domino,Python 3,Accepted,124 ms,300 KB,2013-11-10 22:51:00,85
74826087,Mar/30/2020 16:30,Yash_agrawal19,86A - Reflection,Python 3,Accepted,248 ms,300 KB,2020-03-30 16:30:00,86
31544363,Oct/20/2017 23:22,yugle7,87A - Trains,Python 3,Accepted,124 ms,5400 KB,2017-10-20 23:22:00,87
70947348,Feb/13/2020 13:08,cs1g,88A - Chord,Python 3,Accepted,278 ms,0 KB,2020-02-13 13:08:00,88
9229401,Dec/23/2014 05:29,srnth,89A - Robbery,Python 3,Accepted,124 ms,700 KB,2014-12-23 05:29:00,89
79421130,May/09/2020 02:29,coderemite,90A - Cableway,Python 3,Accepted,218 ms,6500 KB,2020-05-09 02:29:00,90
5475460,Dec/19/2013 17:41,yugle7,91A - Newspaper Headline,Python 3,Accepted,1964 ms,2900 KB,2013-12-19 17:41:00,91
51970682,Mar/29/2019 15:18,UTMoonlight,92A - Chips,Python 3,Accepted,218 ms,0 KB,2019-03-29 15:18:00,92
31737820,Oct/26/2017 15:22,yugle7,93A - Frames,Python 3,Accepted,154 ms,0 KB,2017-10-26 15:22:00,93
61278664,Sep/25/2019 19:18,jvti,94A - Restoring Password,Python 3,Accepted,248 ms,0 KB,2019-09-25 19:18:00,94
7099609,Jul/14/2014 14:49,ItsLastDay,96C - Hockey,Python 3,Accepted,154 ms,0 KB,2014-07-14 14:49:00,95
43950115,Oct/07/2018 18:51,Cathos,96A - Football,Python 3,Accepted,248 ms,0 KB,2018-10-07 18:51:00,96
14669952,Dec/06/2015 02:37,knight-erraunt,99C - Help Victoria the Wise,Python 3,Accepted,77 ms,800 KB,2015-12-06 02:37:00,98
50425225,Feb/24/2019 14:09,ruhul.hb,99A - Help Far Away Kingdom,Python 3,Accepted,218 ms,0 KB,2019-02-24 14:09:00,99
21839204,Oct/28/2016 08:02,Amores,101A - Homework,Python 3,Accepted,124 ms,300 KB,2016-10-28 08:02:00,101
3816191,Jun/02/2013 19:21,nab,102A - Clothes,Python 3,Accepted,343 ms,100 KB,2013-06-02 19:21:00,102
56017579,Jun/25/2019 01:50,sorry_im_smurfing,104B - Testing Pants for Sadness,Python 3,Accepted,218 ms,0 KB,2019-06-25 01:50:00,103
74649703,Mar/28/2020 17:41,coderemite,104A - Blackjack,Python 3,Accepted,248 ms,0 KB,2020-03-28 17:41:00,104
14850916,Dec/17/2015 22:58,merolish,105A - Transmigration,Python 3,Accepted,184 ms,500 KB,2015-12-17 22:58:00,105
20486641,Sep/10/2016 00:23,Amores,106A - Card Game,Python 3,Accepted,124 ms,0 KB,2016-09-10 00:23:00,106
37558710,Apr/23/2018 22:55,nowyyz,107A - Dorm Water Supply,Python 3,Accepted,78 ms,6900 KB,2018-04-23 22:55:00,107
79373298,May/08/2020 14:39,coderemite,108A - Palindromic Times,Python 3,Accepted,218 ms,6500 KB,2020-05-08 14:39:00,108
47486950,Dec/25/2018 12:23,Silky_Littleraisin,109A - Lucky Sum of Digits,Python 3,Accepted,248 ms,200 KB,2018-12-25 12:23:00,109
38009574,May/08/2018 05:01,tate,110A - Nearly Lucky Number,Python 3,Accepted,216 ms,6900 KB,2018-05-08 05:01:00,110
20980602,Sep/29/2016 02:19,Amores,111A - Petya and Inequiations,Python 3,Accepted,154 ms,800 KB,2016-09-29 02:19:00,111
30334700,Sep/14/2017 20:17,winstontsai,112A - Petya and Strings,Python 3,Accepted,124 ms,0 KB,2017-09-14 20:17:00,112
31931660,Oct/31/2017 22:12,yugle7,113A - Grammar Lessons,Python 3,Accepted,156 ms,700 KB,2017-10-31 22:12:00,113
21413956,Oct/14/2016 03:10,Amores,114A - Cifera,Python 3,Accepted,154 ms,4500 KB,2016-10-14 03:10:00,114
40169483,Jul/10/2018 14:44,Yath230799,115A - Party,Python 3,Accepted,1434 ms,0 KB,2018-07-10 14:44:00,115
64879082,Nov/14/2019 14:00,virajudaysingh,116A - Tram,Python 3,Accepted,248 ms,500 KB,2019-11-14 14:00:00,116
4914519,Oct/27/2013 21:26,yugle7,117A - Elevator,Python 3,Accepted,1216 ms,300 KB,2013-10-27 21:26:00,117
39424617,Jun/20/2018 05:22,yachi,118A - String Task,Python 3,Accepted,186 ms,0 KB,2018-06-20 05:22:00,118
74717332,Mar/29/2020 13:14,coderemite,119A - Epic Game,Python 3,Accepted,218 ms,0 KB,2020-03-29 13:14:00,119
50101425,Feb/18/2019 18:07,lIn_nIl,120A - Elevator,Python 3,Accepted,186 ms,0 KB,2019-02-18 18:07:00,120
54175336,May/15/2019 16:39,MajAK,121A - Lucky Sum,Python 3,Accepted,109 ms,300 KB,2019-05-15 16:39:00,121
43978879,Oct/08/2018 03:19,Cathos,122A - Lucky Division,Python 3,Accepted,248 ms,0 KB,2018-10-08 03:19:00,122
46992156,Dec/14/2018 08:32,vjudge1,123A - Prime Permutation,Python 3,Accepted,280 ms,200 KB,2018-12-14 08:32:00,123
30044793,Sep/04/2017 03:11,notsniwiast,124A - The number of positions,Python 3,Accepted,124 ms,0 KB,2017-09-04 03:11:00,124
22026886,Nov/04/2016 07:49,Amores,125A - Measuring Lengths in Baden,Python 3,Accepted,122 ms,0 KB,2016-11-04 07:49:00,125
79092715,May/06/2020 00:42,coderemite,127A - Wasted Time,Python 3,Accepted,218 ms,0 KB,2020-05-06 00:42:00,127
15913650,Feb/09/2016 16:22,not_bot_but_POT,128A - Statues,Python 3,Accepted,124 ms,0 KB,2016-02-09 16:22:00,128
46241531,Nov/26/2018 11:22,TangentDay,129A - Cookies,Python 3,Accepted,218 ms,0 KB,2018-11-26 11:22:00,129
42805868,Sep/12/2018 20:02,BBtheGoD,131A - cAPS lOCK,Python 3,Accepted,124 ms,0 KB,2018-09-12 20:02:00,131
76281204,Apr/12/2020 06:21,heronry,132A - Turing Tape,Python 3,Accepted,248 ms,0 KB,2020-04-12 06:21:00,132
66517809,Dec/08/2019 22:57,MehulJ,133A - HQ9+,Python 3,Accepted,248 ms,0 KB,2019-12-08 22:57:00,133
5042226,Nov/10/2013 16:20,yugle7,134A - Average Numbers,Python 3,Accepted,468 ms,19800 KB,2013-11-10 16:20:00,134
63433217,Oct/26/2019 12:45,KATAYPEPE,135A - Replacement,Python 3,Accepted,684 ms,8000 KB,2019-10-26 12:45:00,135
75199451,Apr/02/2020 07:38,rayan.h.khan,136A - Presents,Python 3,Accepted,248 ms,0 KB,2020-04-02 07:38:00,136
68670933,Jan/12/2020 19:50,cs1g,137A - Postcards and photos,Python 3,Accepted,218 ms,0 KB,2020-01-12 19:50:00,137
14828568,Dec/16/2015 04:06,merolish,138A - Literature Lesson,Python 3,Accepted,154 ms,0 KB,2015-12-16 04:06:00,138
68956937,Jan/16/2020 23:43,cp_noob,139A - Petr and Book,Python 3,Accepted,218 ms,0 KB,2020-01-16 23:43:00,139
46822716,Dec/09/2018 19:19,Mohamed_Ayman,140A - New Year Table,Python 3,Accepted,248 ms,0 KB,2018-12-09 19:19:00,140
29672019,Aug/22/2017 05:36,ecnerwala,141A - Amusing Joke,Python 3,Accepted,124 ms,0 KB,2017-08-22 05:36:00,141
5480875,Dec/20/2013 17:15,yugle7,142A - Help Farmer,Python 3,Accepted,312 ms,100 KB,2013-12-20 17:15:00,142
64064417,Nov/02/2019 08:13,tanu38,143A - Help Vasilisa the Wise 2,Python 3,Accepted,248 ms,0 KB,2019-11-02 08:13:00,143
54156438,May/15/2019 07:23,manuelflr,144A - Arrival of the General,Python 3,Accepted,248 ms,0 KB,2019-05-15 07:23:00,144
19832117,Aug/12/2016 18:42,Amores,145A - Lucky Conversion,Python 3,Accepted,156 ms,4900 KB,2016-08-12 18:42:00,145
75999580,Apr/09/2020 17:12,coderemite,146A - Lucky Ticket,Python 3,Accepted,218 ms,0 KB,2020-04-09 17:12:00,146
14677579,Dec/06/2015 18:54,Eeyore,147A - Punctuation,Python 3,Accepted,154 ms,500 KB,2015-12-06 18:54:00,147
44001698,Oct/08/2018 17:01,Cathos,148A - Insomnia cure,Python 3,Accepted,404 ms,0 KB,2018-10-08 17:01:00,148
17078506,Mar/31/2016 20:21,Amores,149A - Business trip,Python 3,Accepted,124 ms,4800 KB,2016-03-31 20:21:00,149
31004163,Oct/05/2017 01:40,Eva,150A - Win or Freeze,Python 3,Accepted,1606 ms,0 KB,2017-10-05 01:40:00,150
44824975,Oct/25/2018 08:18,1800011795,151A - Soft Drinking,Python 3,Accepted,248 ms,0 KB,2018-10-25 08:18:00,151
11774599,Jun/26/2015 18:49,dagger11263,152A - Marks,Python 3,Accepted,62 ms,0 KB,2015-06-26 18:49:00,152
5544564,Dec/29/2013 00:03,yugle7,154A - Hometask,Python 3,Accepted,248 ms,500 KB,2013-12-29 00:03:00,154
68022870,Jan/01/2020 05:02,Ryanjoo18,155A - I_love_\%username\%,Python 3,Accepted,280 ms,300 KB,2020-01-01 05:02:00,155
5359494,Dec/06/2013 13:41,yugle7,156A - Message,Python 3,Accepted,1278 ms,100 KB,2013-12-06 13:41:00,156
70098425,Feb/03/2020 00:28,cs1g,157A - Game Outcome,Python 3,Accepted,248 ms,0 KB,2020-02-03 00:28:00,157
43921567,Oct/07/2018 03:20,Cathos,158A - Next Round,Python 3,Accepted,248 ms,0 KB,2018-10-07 03:20:00,158
4851380,Oct/23/2013 15:35,__ivan__,159A - Friends or Not,Python 3,Accepted,560 ms,300 KB,2013-10-23 15:35:00,159
46549695,Dec/03/2018 20:03,khalil.247,160A - Twins,Python 3,Accepted,248 ms,0 KB,2018-12-03 20:03:00,160
52940827,Apr/18/2019 12:08,newstein33,161A - Dress'em in Vests!,Python 3,Accepted,1216 ms,14700 KB,2019-04-18 12:08:00,161
77031913,Apr/17/2020 06:42,coderemite,165A - Supercentral Point,Python 3,Accepted,216 ms,0 KB,2020-04-17 06:42:00,165
72407471,Mar/04/2020 14:05,cs1g,166A - Rank List,Python 3,Accepted,218 ms,0 KB,2020-03-04 14:05:00,166
6872003,Jun/13/2014 12:46,yugle7,167A - Wizards and Trolleybuses,Python 3,Accepted,717 ms,10600 KB,2014-06-13 12:46:00,167
79092214,May/06/2020 00:29,coderemite,168A - Wizards and Demonstration,Python 3,Accepted,218 ms,0 KB,2020-05-06 00:29:00,168
74674700,Mar/28/2020 23:15,coderemite,169A - Chores,Python 3,Accepted,109 ms,300 KB,2020-03-28 23:15:00,169
21262707,Oct/07/2016 19:45,Amores,171A - Mysterious numbers - 1,Python 3,Accepted,154 ms,4500 KB,2016-10-07 19:45:00,171
4678455,Oct/05/2013 11:38,yugle7,172A - Phone Code,Python 3,Accepted,280 ms,1700 KB,2013-10-05 11:38:00,172
55569856,Jun/14/2019 20:57,marcivanovofearth,173A - Rock-Paper-Scissors,Python 3,Accepted,2900 ms,0 KB,2019-06-14 20:57:00,173
20485826,Sep/09/2016 23:09,Amores,174A - Problem About Equation,Python 3,Accepted,124 ms,0 KB,2016-09-09 23:09:00,174
21114204,Oct/02/2016 15:14,Amores,175A - Robot Bicorn Attack,Python 3,Accepted,77 ms,0 KB,2016-10-02 15:14:00,175
21116721,Oct/02/2016 16:59,Amores,176A - Trading Business,Python 3,Accepted,156 ms,300 KB,2016-10-02 16:59:00,176
73525986,Mar/18/2020 00:34,Heartrose,180A - Defragmentation,Python 3,Accepted,248 ms,500 KB,2020-03-18 00:34:00,180
73922323,Mar/22/2020 02:06,coderemite,181A - Series of Crimes,Python 3,Accepted,218 ms,0 KB,2020-03-22 02:06:00,181
29935886,Aug/31/2017 09:06,423555290,183A - Headquarters,Python 3,Accepted,778 ms,0 KB,2017-08-31 09:06:00,183
25185209,Mar/03/2017 21:56,YazanRi,185A - Plant,Python 3,Accepted,122 ms,4500 KB,2017-03-03 21:56:00,185
78803989,May/02/2020 12:46,anjit_6294,186A - Comparing Strings,Python 3,Accepted,278 ms,800 KB,2020-05-02 12:46:00,186
6687550,May/23/2014 17:19,yugle7,187A - Permutations,Python 3,Accepted,592 ms,18200 KB,2014-05-23 17:19:00,187
6757469,May/31/2014 17:53,vkaadheeshwar95,189A - Cut Ribbon,Python 3,Accepted,154 ms,0 KB,2014-05-31 17:53:00,189
36700768,Mar/28/2018 20:49,Bamal,190A - Vasya and the Bus,Python 3,Accepted,186 ms,7200 KB,2018-03-28 20:49:00,190
72949856,Mar/11/2020 14:31,cs1g,192A - Funky Numbers,Python 3,Accepted,248 ms,2400 KB,2020-03-11 14:31:00,192
8021190,Sep/29/2014 10:14,Qumeric,194A - Exams,Python 3,Accepted,124 ms,0 KB,2014-09-29 10:14:00,194
79407061,May/08/2020 21:38,coderemite,195A - Let's Watch Football,Python 3,Accepted,218 ms,6500 KB,2020-05-08 21:38:00,195
4333857,Aug/25/2013 00:02,hl_joker,197C - Lexicographically Maximum Subsequence,Python 3,Accepted,248 ms,300 KB,2013-08-25 00:02:00,196
36536584,Mar/23/2018 19:28,Bamal,197A - Plate Game,Python 3,Accepted,186 ms,6900 KB,2018-03-23 19:28:00,197
23549213,Jan/05/2017 09:54,haleyk100198,198A - About Bacteria,Python 3,Accepted,904 ms,4500 KB,2017-01-05 09:54:00,198
9941212,Feb/20/2015 21:48,shatha_ah,199A - Hexadecimal's theorem,Python 3,Accepted,122 ms,0 KB,2015-02-20 21:48:00,199
3691850,May/08/2013 03:52,neko13,201A - Clear Symmetry,Python 3,Accepted,78 ms,100 KB,2013-05-08 03:52:00,201
14918834,Dec/22/2015 00:37,Charon,202A - LLPS,Python 3,Accepted,124 ms,0 KB,2015-12-22 00:37:00,202
21126677,Oct/03/2016 03:40,Amores,203A - Two Problems,Python 3,Accepted,124 ms,0 KB,2016-10-03 03:40:00,203
31240331,Oct/12/2017 15:14,GT_18,204A - Little Elephant and Interval,Python 3,Accepted,154 ms,0 KB,2017-10-12 15:14:00,204
76037978,Apr/09/2020 23:52,coderemite,205A - Little Elephant and Rozdil,Python 3,Accepted,280 ms,8300 KB,2020-04-09 23:52:00,205
25465688,Mar/14/2017 07:25,oskar,208A - Dubstep,Python 3,Accepted,124 ms,4500 KB,2017-03-14 07:25:00,208
46819519,Dec/09/2018 17:19,MarcoXerox,209A - Multicolored Marbles,Python 3,Accepted,842 ms,0 KB,2018-12-09 17:19:00,209
35596393,Feb/23/2018 15:34,yugle7,213A - Game,Python 3,Accepted,186 ms,7100 KB,2018-02-23 15:34:00,213
3992164,Jun/29/2013 18:34,nab,214A - System of Equations,Python 3,Accepted,93 ms,100 KB,2013-06-29 18:34:00,214
20985318,Sep/29/2016 10:11,Sanjit,215A - Bicycle Chain,Python 3,Accepted,124 ms,0 KB,2016-09-29 10:11:00,215
4532916,Sep/21/2013 22:06,jaydeepmaddipati,216A - Tiling with Hexagons,Python 3,Accepted,92 ms,0 KB,2013-09-21 22:06:00,216
76039449,Apr/10/2020 00:18,cybertron1609,217A - Ice Skating,Python 3,Accepted,218 ms,300 KB,2020-04-10 00:18:00,217
57091649,Jul/15/2019 13:58,disby,218A - Mountain Scenery,Python 3,Accepted,218 ms,0 KB,2019-07-15 13:58:00,218
20812818,Sep/22/2016 11:32,Sanjit,219A - k-String,Python 3,Accepted,154 ms,0 KB,2016-09-22 11:32:00,219
19507060,Jul/30/2016 05:26,Amores,220A - Little Elephant and Problem,Python 3,Accepted,171 ms,8300 KB,2016-07-30 05:26:00,220
46369849,Nov/29/2018 18:05,nomiku99,221A - Little Elephant and Function,Python 3,Accepted,248 ms,0 KB,2018-11-29 18:05:00,221
78646812,May/01/2020 14:08,anjit_6294,222A - Shooshuns and Sequence,Python 3,Accepted,278 ms,5800 KB,2020-05-01 14:08:00,222
57862915,Jul/27/2019 21:53,ovi_ivo,223A - Bracket Sequence,Python 3,Accepted,374 ms,10600 KB,2019-07-27 21:53:00,223
20792463,Sep/21/2016 13:50,Sanjit,224A - Parallelepiped,Python 3,Accepted,124 ms,0 KB,2016-09-21 13:50:00,224
70317824,Feb/05/2020 00:49,cs1g,225A - Dice Tower,Python 3,Accepted,218 ms,300 KB,2020-02-05 00:49:00,225
11998624,Jul/10/2015 16:58,Vladik,226A - Flying Saucer Segments,Python 3,Accepted,124 ms,0 KB,2015-07-10 16:58:00,226
12293166,Jul/31/2015 17:50,z423x5c6,227A - Where do I Turn?,Python 3,Accepted,122 ms,0 KB,2015-07-31 17:50:00,227
70534595,Feb/08/2020 05:01,coderemite,228A - Is your horseshoe on the other hoof?,Python 3,Accepted,216 ms,0 KB,2020-02-08 05:01:00,228
5286166,Nov/28/2013 16:01,yugle7,229A - Shifts,Python 3,Accepted,872 ms,800 KB,2013-11-28 16:01:00,229
16642842,Mar/11/2016 08:01,EgSubZ,230A - Dragons,Python 3,Accepted,124 ms,300 KB,2016-03-11 08:01:00,230
75557360,Apr/05/2020 13:23,lahari21,231A - Team,Python 3,Accepted,216 ms,0 KB,2020-04-05 13:23:00,231
58923604,Aug/16/2019 21:19,abhirock753,232A - Cycles,Python 3,Accepted,248 ms,300 KB,2019-08-16 21:19:00,232
67787595,Dec/28/2019 16:23,stars_in_the_sky,233A - Perfect Permutation,Python 3,Accepted,218 ms,0 KB,2019-12-28 16:23:00,233
26965238,May/09/2017 01:20,YazanRi,234A - Lefthanders and Righthanders,Python 3,Accepted,77 ms,0 KB,2017-05-09 01:20:00,234
15835168,Feb/06/2016 03:32,orailly,235A - LCM Challenge,Python 3,Accepted,124 ms,0 KB,2016-02-06 03:32:00,235
70525296,Feb/07/2020 22:22,coderemite,236A - Boy or Girl,Python 3,Accepted,248 ms,0 KB,2020-02-07 22:22:00,236
49381653,Feb/03/2019 05:34,DLCattici,237A - Free Cash,Python 3,Accepted,436 ms,200 KB,2019-02-03 05:34:00,237
22063671,Nov/05/2016 22:23,Amores,238A - Not Wool Sequences,Python 3,Accepted,218 ms,0 KB,2016-11-05 22:23:00,238
72152317,Mar/01/2020 13:14,cs1g,239A - Two Bags of Potatoes,Python 3,Accepted,310 ms,6500 KB,2020-03-01 13:14:00,239
14851995,Dec/18/2015 01:27,merolish,234D - Cinema,Python 3,Accepted,124 ms,0 KB,2015-12-18 01:27:00,240
80074357,May/14/2020 16:37,essi,241A - Old Peykan,Python 3,Accepted,218 ms,6800 KB,2020-05-14 16:37:00,241
69410774,Jan/23/2020 15:01,cs1g,242A - Heads or Tails,Python 3,Accepted,248 ms,300 KB,2020-01-23 15:01:00,242
73771714,Mar/20/2020 10:51,both_stars,243A - The Brand New Function,Python 3,Accepted,1340 ms,22300 KB,2020-03-20 10:51:00,243
73128877,Mar/13/2020 11:21,chauhan002,244A - Dividing Orange,Python 3,Accepted,218 ms,300 KB,2020-03-13 11:21:00,244
72925069,Mar/11/2020 03:01,coderemite,245A - System Administrator,Python 3,Accepted,218 ms,0 KB,2020-03-11 03:01:00,245
79097557,May/06/2020 03:22,coderemite,246A - Buggy Sorting,Python 3,Accepted,108 ms,0 KB,2020-05-06 03:22:00,246
79421315,May/09/2020 02:36,coderemite,250A - Paper Work,Python 3,Accepted,218 ms,6500 KB,2020-05-09 02:36:00,247
74698369,Mar/29/2020 09:17,Arihantjn2302,248A - Cupboards,Python 3,Accepted,280 ms,0 KB,2020-03-29 09:17:00,248
79421315,May/09/2020 02:36,coderemite,250A - Paper Work,Python 3,Accepted,218 ms,6500 KB,2020-05-09 02:36:00,250
75301651,Apr/03/2020 05:35,rdav,252C - Points on Line,Python 3,Accepted,498 ms,8300 KB,2020-04-03 05:35:00,251
46453240,Dec/01/2018 19:43,ashujack,252A - Little Xor,Python 3,Accepted,248 ms,0 KB,2018-12-01 19:43:00,252
78907392,May/03/2020 19:03,anjit_6294,253A - Boys and Girls,Python 3,Accepted,248 ms,0 KB,2020-05-03 19:03:00,253
78966260,May/04/2020 15:26,anjit_6294,254A - Cards with Numbers,Python 3,Accepted,654 ms,35500 KB,2020-05-04 15:26:00,254
73169653,Mar/13/2020 22:45,theGodzilla25,255A - Greg's Workout,Python 3,Accepted,218 ms,0 KB,2020-03-13 22:45:00,255
49116529,Jan/28/2019 20:12,Pragya464,257A - Sockets,Python 3,Accepted,218 ms,0 KB,2019-01-28 20:12:00,257
7823443,Sep/18/2014 10:49,Qumeric,258A - Little Elephant and Bits,Python 3,Accepted,124 ms,400 KB,2014-09-18 10:49:00,258
79330707,May/08/2020 01:25,coderemite,259A - Little Elephant and Chess,Python 3,Accepted,216 ms,6500 KB,2020-05-08 01:25:00,259
22089725,Nov/07/2016 10:15,Amores,260A - Adding Digits,Python 3,Accepted,46 ms,200 KB,2016-11-07 10:15:00,260
3670257,May/05/2013 00:02,neko13,262C - Maxim and Discounts,Python 3,Accepted,281 ms,7800 KB,2013-05-05 00:02:00,261
73348653,Mar/15/2020 18:46,coderemite,262A - Roma and Lucky Numbers,Python 3,Accepted,216 ms,300 KB,2020-03-15 18:46:00,262
64797808,Nov/13/2019 16:30,virajudaysingh,263A - Beautiful Matrix,Python 3,Accepted,248 ms,0 KB,2019-11-13 16:30:00,263
78593419,Apr/30/2020 21:02,thukrake_mera_pyaar,264A - Escape from Stones,Python 3,Accepted,1934 ms,3100 KB,2020-04-30 21:02:00,264
60586894,Sep/15/2019 00:59,rowida126,265A - Colorful Stones (Simplified Edition),Python 3,Accepted,218 ms,0 KB,2019-09-15 00:59:00,265
4363398,Aug/28/2013 21:55,hl_joker,266A - Stones on the Table,Python 3,Accepted,124 ms,0 KB,2013-08-28 21:55:00,266
21989714,Nov/02/2016 14:38,Amores,267A - Subtractions,Python 3,Accepted,92 ms,0 KB,2016-11-02 14:38:00,267
30604083,Sep/22/2017 05:03,winstontsai,268A - Games,Python 3,Accepted,124 ms,0 KB,2017-09-22 05:03:00,268
5145480,Nov/19/2013 00:26,yugle7,269A - Magical Boxes,Python 3,Accepted,904 ms,8900 KB,2013-11-19 00:26:00,269
12630233,Aug/21/2015 18:39,UnusedFever,270A - Fancy Fence,Python 3,Accepted,92 ms,900 KB,2015-08-21 18:39:00,270
49336600,Feb/01/2019 21:49,vjudge5,271A - Beautiful Year,Python 3,Accepted,218 ms,0 KB,2019-02-01 21:49:00,271
54621957,May/25/2019 15:42,vjudge3,272A - Dima and Friends,Python 3,Accepted,218 ms,0 KB,2019-05-25 15:42:00,272
54689819,May/26/2019 20:14,MajAK,272C - Dima and Staircase,Python 3,Accepted,1310 ms,12900 KB,2019-05-26 20:14:00,273
40915949,Jul/29/2018 14:45,yura200253,275C - k-Multiple Free Set,Python 3,Accepted,468 ms,8200 KB,2018-07-29 14:45:00,274
75840571,Apr/08/2020 16:50,coderemite,275A - Lights Out,Python 3,Accepted,109 ms,300 KB,2020-04-08 16:50:00,275
3992035,Jun/29/2013 18:08,nab,276A - Lunch Rush,Python 3,Accepted,140 ms,300 KB,2013-06-29 18:08:00,276
20676171,Sep/17/2016 11:16,Amores,277A - Learning Languages,Python 3,Accepted,124 ms,500 KB,2016-09-17 11:16:00,277
19642233,Aug/05/2016 05:36,Amores,278A - Circle Line,Python 3,Accepted,124 ms,4500 KB,2016-08-05 05:36:00,278
49116804,Jan/28/2019 20:19,Pragya464,279A - Point on Spiral,Python 3,Accepted,218 ms,0 KB,2019-01-28 20:19:00,279
15435242,Jan/19/2016 08:01,sensei11,280A - Rectangle Puzzle,Python 3,Accepted,154 ms,0 KB,2016-01-19 08:01:00,280
16458485,Mar/02/2016 09:37,Slendermen00,281A - Word Capitalization,Python 3,Accepted,124 ms,0 KB,2016-03-02 09:37:00,281
43949206,Oct/07/2018 18:21,Cathos,282A - Bit++,Python 3,Accepted,124 ms,0 KB,2018-10-07 18:21:00,282
5046407,Nov/10/2013 21:26,yugle7,283A - Cows and Sequence,Python 3,Accepted,2994 ms,26900 KB,2013-11-10 21:26:00,283
55688467,Jun/17/2019 19:45,jayg,284A - Cows and Primitive Roots,Python 3,Accepted,216 ms,0 KB,2019-06-17 19:45:00,284
79585450,May/09/2020 21:39,coderemite,285A - Slightly Decreasing Permutations,Python 3,Accepted,466 ms,9300 KB,2020-05-09 21:39:00,285
3672043,May/05/2013 13:30,neko13,286A - Lucky Permutation,Python 3,Accepted,140 ms,7300 KB,2013-05-05 13:30:00,286
79578506,May/09/2020 20:39,coderemite,287A - IQ Test,Python 3,Accepted,108 ms,6500 KB,2020-05-09 20:39:00,287
19507226,Jul/30/2016 05:38,Amores,288A - Polo the Penguin and Strings,Python 3,Accepted,124 ms,2900 KB,2016-07-30 05:38:00,288
4680176,Oct/05/2013 15:25,yugle7,289A - Polo the Penguin and Segments,Python 3,Accepted,592 ms,17200 KB,2013-10-05 15:25:00,289
22272838,Nov/16/2016 19:34,Koi_ga_umareru,290A - Mysterious strings,Python 3,Accepted,124 ms,0 KB,2016-11-16 19:34:00,290
79011834,May/05/2020 03:27,coderemite,291A - Spyke Talks,Python 3,Accepted,248 ms,300 KB,2020-05-05 03:27:00,291
56831592,Jul/11/2019 10:15,franckmy,292A - SMSC,Python 3,Accepted,278 ms,0 KB,2019-07-11 10:15:00,292
15914189,Feb/09/2016 16:40,not_bot_but_POT,293A - Weird Game,Python 3,Accepted,1746 ms,7200 KB,2016-02-09 16:40:00,293
74245200,Mar/25/2020 02:01,coderemite,294A - Shaass and Oskols,Python 3,Accepted,218 ms,0 KB,2020-03-25 02:01:00,294
3669235,May/04/2013 17:12,neko13,295A - Greg and Array,Python 3,Accepted,1531 ms,25900 KB,2013-05-04 17:12:00,295
4131296,Jul/22/2013 02:36,stevenkplus,296A - Yaroslav and Permutations,Python 3,Accepted,93 ms,0 KB,2013-07-22 02:36:00,296
3667449,May/04/2013 12:10,neko13,297A - Parity Game,Python 3,Accepted,78 ms,100 KB,2013-05-04 12:10:00,297
21004345,Sep/30/2016 02:23,Amores,298A - Snow Footprints,Python 3,Accepted,154 ms,0 KB,2016-09-30 02:23:00,298
79411568,May/08/2020 22:43,coderemite,299A - Ksusha and Array,Python 3,Accepted,372 ms,14800 KB,2020-05-08 22:43:00,299
79493459,May/09/2020 17:56,anjit_6294,300A - Array,Python 3,Accepted,218 ms,6500 KB,2020-05-09 17:56:00,300
5342969,Dec/03/2013 18:04,yugle7,301A - Yaroslav and Sequence,Python 3,Accepted,124 ms,0 KB,2013-12-03 18:04:00,301
79012970,May/05/2020 04:00,coderemite,302A - Eugeny and Array,Python 3,Accepted,858 ms,10700 KB,2020-05-05 04:00:00,302
3732161,May/18/2013 09:29,asdsteven2,303A - Lucky Permutation Triple,Python 3,Accepted,1310 ms,3100 KB,2013-05-18 09:29:00,303
72972881,Mar/11/2020 20:13,cs1g,304A - Pythagorean Theorem II,Python 3,Accepted,218 ms,0 KB,2020-03-11 20:13:00,304
18947373,Jul/07/2016 11:57,adityagupta1089,305A - Strange Addition,Python 3,Accepted,218 ms,0 KB,2016-07-07 11:57:00,305
78828233,May/02/2020 18:11,coderemite,306A - Candies,Python 3,Accepted,216 ms,0 KB,2020-05-02 18:11:00,306
20426805,Sep/07/2016 03:15,Amores,311A - The Closest Pair,Python 3,Accepted,77 ms,500 KB,2016-09-07 03:15:00,311
21839613,Oct/28/2016 08:33,Amores,312A - Whose sentence is it?,Python 3,Accepted,61 ms,0 KB,2016-10-28 08:33:00,312
7107550,Jul/15/2014 13:15,vkaadheeshwar95,313A - Ilya and Bank Account,Python 3,Accepted,154 ms,0 KB,2014-07-15 13:15:00,313
31661333,Oct/23/2017 22:56,yugle7,314A - Sereja and Contest,Python 3,Accepted,1714 ms,19500 KB,2017-10-23 22:56:00,314
54480313,May/22/2019 13:44,MajAK,315A - Sereja and Bottles,Python 3,Accepted,248 ms,0 KB,2019-05-22 13:44:00,315
34200628,Jan/15/2018 18:25,.I.,317A - Perfect Pair,Python 3,Accepted,124 ms,5500 KB,2018-01-15 18:25:00,317
52013392,Mar/30/2019 12:31,sofigenr,318A - Even Odds,Python 3,Accepted,218 ms,0 KB,2019-03-30 12:31:00,318
41320279,Aug/08/2018 03:31,aro1,319A - Malek Dance Club,Python 3,Accepted,248 ms,0 KB,2018-08-08 03:31:00,319
20810209,Sep/22/2016 07:54,Sanjit,320A - Magic Numbers,Python 3,Accepted,186 ms,500 KB,2016-09-22 07:54:00,320
3989826,Jun/29/2013 11:20,GateOne#,322C - Ciel and Robot,Python 3,Accepted,93 ms,100 KB,2013-06-29 11:20:00,321
19722148,Aug/08/2016 10:02,Amores,322A - Ciel and Dancing,Python 3,Accepted,124 ms,4500 KB,2016-08-08 10:02:00,322
24143429,Jan/26/2017 08:47,metowolf,323A - Black-and-White Cube,Python 3,Accepted,421 ms,7700 KB,2017-01-26 08:47:00,323
53088220,Apr/21/2019 12:54,kazak,325A - Square and Rectangles,Python 3,Accepted,248 ms,0 KB,2019-04-21 12:54:00,325
4223332,Aug/03/2013 22:47,ilya.korovin,335A - Banana,Python 3,Accepted,124 ms,0 KB,2013-08-03 22:47:00,326
45666942,Nov/13/2018 11:11,Silky_Littleraisin,327A - Flipping Game,Python 3,Accepted,248 ms,0 KB,2018-11-13 11:11:00,327
22006684,Nov/03/2016 08:33,Amores,328A - IQ Test,Python 3,Accepted,124 ms,0 KB,2016-11-03 08:33:00,328
5314274,Nov/30/2013 19:24,yugle7,329A - Purification,Python 3,Accepted,124 ms,0 KB,2013-11-30 19:24:00,329
73983266,Mar/22/2020 20:31,coderemite,330A - Cakeminator,Python 3,Accepted,248 ms,0 KB,2020-03-22 20:31:00,330
20559255,Sep/13/2016 05:52,Amores,332A - Down the Hatch!,Python 3,Accepted,124 ms,0 KB,2016-09-13 05:52:00,332
27299630,May/23/2017 14:04,YazanRi,334C - Secrets,Python 3,Accepted,124 ms,0 KB,2017-05-23 14:04:00,333
15199655,Jan/06/2016 07:08,thehaiyang,334A - Candy Bags,Python 3,Accepted,124 ms,400 KB,2016-01-06 07:08:00,334
4223332,Aug/03/2013 22:47,ilya.korovin,335A - Banana,Python 3,Accepted,124 ms,0 KB,2013-08-03 22:47:00,335
6413020,Apr/19/2014 00:26,nab,336A - Vasily the Bear and Triangle,Python 3,Accepted,124 ms,0 KB,2014-04-19 00:26:00,336
43997032,Oct/08/2018 15:01,Cathos,337A - Puzzles,Python 3,Accepted,248 ms,0 KB,2018-10-08 15:01:00,337
26336986,Apr/13/2017 15:35,YazanRi,337C - Quiz,Python 3,Accepted,154 ms,5400 KB,2017-04-13 15:35:00,338
12351558,Aug/05/2015 16:08,UnusedFever,339A - Helpful Maths,Python 3,Accepted,122 ms,0 KB,2015-08-05 16:08:00,339
8332284,Oct/20/2014 19:15,Maaleshka,340A - The Wall,Python 3,Accepted,622 ms,0 KB,2014-10-20 19:15:00,340
4382886,Aug/30/2013 22:11,DanielChau,340C - Tourist Problem,Python 3,Accepted,342 ms,7400 KB,2013-08-30 22:11:00,341
78648564,May/01/2020 14:34,anjit_6294,342A - Xenia and Divisors,Python 3,Accepted,295 ms,1700 KB,2020-05-01 14:34:00,342
26328678,Apr/13/2017 01:52,YazanRi,343A - Rational Resistance,Python 3,Accepted,124 ms,5400 KB,2017-04-13 01:52:00,343
40689622,Jul/24/2018 08:06,TheAmirCoder,344A - Magnets,Python 3,Accepted,498 ms,0 KB,2018-07-24 08:06:00,344
9287504,Dec/28/2014 01:11,merolish,346A - Alice and Bob,Python 3,Accepted,374 ms,5700 KB,2014-12-28 01:11:00,346
79689631,May/10/2020 23:35,anjit_6294,347A - Difference Row,Python 3,Accepted,218 ms,6500 KB,2020-05-10 23:35:00,347
69899490,Jan/31/2020 15:39,TKR18,348A - Mafia,Python 3,Accepted,280 ms,9300 KB,2020-01-31 15:39:00,348
59395520,Aug/24/2019 13:09,Dariush_M,349A - Cinema Line,Python 3,Accepted,280 ms,5400 KB,2019-08-24 13:09:00,349
54639239,May/25/2019 21:33,vjudge3,350A - TL,Python 3,Accepted,216 ms,0 KB,2019-05-25 21:33:00,350
24684420,Feb/15/2017 05:28,vjudge1,352C - Jeff and Rounding,Python 3,Accepted,216 ms,4800 KB,2017-02-15 05:28:00,351
15088771,Dec/29/2015 21:20,lavafalls,352A - Jeff and Digits,Python 3,Accepted,122 ms,0 KB,2015-12-29 21:20:00,352
24631132,Feb/13/2017 18:41,tomsajuk,353A - Domino,Python 3,Accepted,124 ms,4500 KB,2017-02-13 18:41:00,353
56031762,Jun/25/2019 12:56,once_twice,354A - Vasya and Robot,Python 3,Accepted,311 ms,5100 KB,2019-06-25 12:56:00,354
19829384,Aug/12/2016 16:21,Amores,355A - Vasya and Digital Root,Python 3,Accepted,62 ms,4500 KB,2016-08-12 16:21:00,355
78941108,May/04/2020 09:58,_viru_,356A - Knight Tournament,Python 3,Accepted,1715 ms,14900 KB,2020-05-04 09:58:00,356
20751151,Sep/19/2016 12:27,Amores,357A - Group of Students,Python 3,Accepted,62 ms,0 KB,2016-09-19 12:27:00,357
54513177,May/23/2019 11:17,MajAK,358A - Dima and Continuous Line,Python 3,Accepted,483 ms,300 KB,2019-05-23 11:17:00,358
79372859,May/08/2020 14:33,coderemite,359A - Table,Python 3,Accepted,109 ms,6500 KB,2020-05-08 14:33:00,359
67860637,Dec/29/2019 11:02,stars_in_the_sky,361A - Levko and Table,Python 3,Accepted,124 ms,300 KB,2019-12-29 11:02:00,361
5237953,Nov/25/2013 22:04,yugle7,362A - Two Semiknights Meet,Python 3,Accepted,62 ms,0 KB,2013-11-25 22:04:00,362
78998522,May/04/2020 22:08,coderemite,363A - Soroban,Python 3,Accepted,109 ms,0 KB,2020-05-04 22:08:00,363
69856785,Jan/30/2020 20:12,cs1g,365A - Good Number,Python 3,Accepted,124 ms,0 KB,2020-01-30 20:12:00,365
9358775,Jan/04/2015 12:45,SteelRaven,366A - Dima and Guards,Python 3,Accepted,77 ms,0 KB,2015-01-04 12:45:00,366
16322955,Feb/25/2016 11:33,orailly,367A - Sereja and Algorithm,Python 3,Accepted,638 ms,8500 KB,2016-02-25 11:33:00,367
20778893,Sep/20/2016 18:02,Amores,368A - Sereja and Coat Rack,Python 3,Accepted,77 ms,0 KB,2016-09-20 18:02:00,368
20291914,Aug/31/2016 03:35,Amores,369A - Valera and Plates,Python 3,Accepted,77 ms,0 KB,2016-08-31 03:35:00,369
45970052,Nov/19/2018 18:26,vjudge5,"370A - Rook, Bishop and King",Python 3,Accepted,109 ms,0 KB,2018-11-19 18:26:00,370
20473491,Sep/09/2016 10:17,Amores,371A - K-Periodic Array,Python 3,Accepted,62 ms,0 KB,2016-09-09 10:17:00,371
77621415,Apr/22/2020 11:13,nocreative1,372A - Counting Kangaroos is Fun,Python 3,Accepted,997 ms,14600 KB,2020-04-22 11:13:00,372
20602646,Sep/14/2016 04:21,Amores,373A - Collecting Beats is Fun,Python 3,Accepted,77 ms,0 KB,2016-09-14 04:21:00,373
5698602,Jan/15/2014 22:11,yugle7,374A - Inna and Pink Pony,Python 3,Accepted,62 ms,400 KB,2014-01-15 22:11:00,374
14189920,Nov/10/2015 23:36,vinitgandhi007,376C - Divisible by Seven,Python 3,Accepted,686 ms,5100 KB,2015-11-10 23:36:00,375
79101054,May/06/2020 05:13,coderemite,376A - Lever,Python 3,Accepted,327 ms,3200 KB,2020-05-06 05:13:00,376
20447313,Sep/08/2016 02:48,Amores,378A - Playing with Dice,Python 3,Accepted,62 ms,0 KB,2016-09-08 02:48:00,378
15034482,Dec/26/2015 19:19,lavafalls,379A - New Year Candles,Python 3,Accepted,62 ms,0 KB,2015-12-26 19:19:00,379
15914314,Feb/09/2016 16:42,not_bot_but_POT,380A - Sereja and Prefixes,Python 3,Accepted,779 ms,25100 KB,2016-02-09 16:42:00,380
70626932,Feb/09/2020 16:31,coderemite,381A - Sereja and Dima,Python 3,Accepted,109 ms,300 KB,2020-02-09 16:31:00,381
15914317,Feb/09/2016 16:42,not_bot_but_POT,382A - Ksenia and Pan Scales,Python 3,Accepted,62 ms,0 KB,2016-02-09 16:42:00,382
5953130,Mar/06/2014 22:51,yugle7,383A - Milking cows,Python 3,Accepted,109 ms,1000 KB,2014-03-06 22:51:00,383
73142467,Mar/13/2020 16:52,coderemite,384A - Coder,Python 3,Accepted,124 ms,100 KB,2020-03-13 16:52:00,384
76850382,Apr/15/2020 18:19,coderemite,385A - Bear and Raspberry,Python 3,Accepted,109 ms,0 KB,2020-04-15 18:19:00,385
62916851,Oct/19/2019 11:54,Mehrdad_ravenS,386A - Second-Price Auction,Python 3,Accepted,139 ms,0 KB,2019-10-19 11:54:00,386
68737868,Jan/14/2020 00:28,cs1g,387A - George and Sleep,Python 3,Accepted,124 ms,0 KB,2020-01-14 00:28:00,387
8807640,Nov/23/2014 02:44,nab,388A - Fox and Box Accumulation,Python 3,Accepted,61 ms,0 KB,2014-11-23 02:44:00,388
55681988,Jun/17/2019 16:32,vjudge3,389A - Fox and Number Game,Python 3,Accepted,187 ms,1100 KB,2019-06-17 16:32:00,389
20486040,Sep/09/2016 23:26,Amores,390A - Inna and Alarm Clock,Python 3,Accepted,249 ms,200 KB,2016-09-09 23:26:00,390
22008550,Nov/03/2016 11:17,Amores,391A - Genetic Engineering,Python 3,Accepted,62 ms,0 KB,2016-11-03 11:17:00,391
51893194,Mar/27/2019 13:16,UTMoonlight,392A - Blocked Points,Python 3,Accepted,109 ms,0 KB,2019-03-27 13:16:00,392
73984372,Mar/22/2020 20:47,arto1379,393A - Nineteen,Python 3,Accepted,124 ms,0 KB,2020-03-22 20:47:00,393
15914334,Feb/09/2016 16:43,not_bot_but_POT,394A - Counting Sticks,Python 3,Accepted,62 ms,0 KB,2016-02-09 16:43:00,394
74286381,Mar/25/2020 15:01,CodeBreaker003,396A - On Number of Decompositions into Multipliers,Python 3,Accepted,389 ms,400 KB,2020-03-25 15:01:00,396
56054603,Jun/26/2019 00:55,bcollet,397A - On Segment's Own Points,Python 3,Accepted,124 ms,0 KB,2019-06-26 00:55:00,397
5963776,Mar/08/2014 19:54,yugle7,398A - Cards,Python 3,Accepted,264 ms,600 KB,2014-03-08 19:54:00,398
45878042,Nov/17/2018 15:47,_AjReme_,399A - Pages,Python 3,Accepted,124 ms,0 KB,2018-11-17 15:47:00,399
68771661,Jan/14/2020 15:05,cs1g,400A - Inna and Choose Options,Python 3,Accepted,109 ms,300 KB,2020-01-14 15:05:00,400
74000860,Mar/23/2020 03:27,coderemite,401A - Vanya and Cards,Python 3,Accepted,109 ms,0 KB,2020-03-23 03:27:00,401
12686979,Aug/24/2015 20:08,Vladik,402A - Nuts,Python 3,Accepted,61 ms,0 KB,2015-08-24 20:08:00,402
6039443,Mar/16/2014 21:03,citrux,402C - Searching for Graph,Python 3,Accepted,77 ms,0 KB,2014-03-16 21:03:00,403
57709473,Jul/25/2019 01:34,rexagod,404A - Valera and X,Python 3,Accepted,109 ms,600 KB,2019-07-25 01:34:00,404
29671950,Aug/22/2017 05:32,ecnerwala,405A - Gravity Flip,Python 3,Accepted,62 ms,0 KB,2017-08-22 05:32:00,405
79656866,May/10/2020 16:27,bergus,405C - Unusual Product,Python 3,Accepted,467 ms,14900 KB,2020-05-10 16:27:00,406
6196220,Mar/31/2014 12:31,hza,407A - Triangle,Python 3,Accepted,514 ms,0 KB,2014-03-31 12:31:00,407
74665270,Mar/28/2020 20:57,coderemite,408A - Line to Cashier,Python 3,Accepted,109 ms,0 KB,2020-03-28 20:57:00,408
6237569,Apr/01/2014 21:59,ZhouYuChen,409A - The Great Game,Python 3,Accepted,77 ms,0 KB,2014-04-01 21:59:00,409
6367407,Apr/15/2014 18:17,* Gassa,411A - Password Check,Python 3,Accepted,77 ms,0 KB,2014-04-15 18:17:00,411
15914363,Feb/09/2016 16:43,not_bot_but_POT,412A - Poster,Python 3,Accepted,62 ms,0 KB,2016-02-09 16:43:00,412
22026838,Nov/04/2016 07:43,Amores,413A - Data Recovery,Python 3,Accepted,77 ms,0 KB,2016-11-04 07:43:00,413
16620468,Mar/09/2016 19:26,biGinNer,414A - Mashmokh and Numbers,Python 3,Accepted,280 ms,2800 KB,2016-03-09 19:26:00,414
72546989,Mar/06/2020 05:28,stars_in_the_universe,415A - Mashmokh and Lights,Python 3,Accepted,124 ms,0 KB,2020-03-06 05:28:00,415
51600310,Mar/21/2019 06:03,vjudge1,416A - Guess a number!,Python 3,Accepted,124 ms,0 KB,2019-03-21 06:03:00,416
64664578,Nov/11/2019 03:38,RicardoLegAc,417A - Elimination,Python 3,Accepted,124 ms,0 KB,2019-11-11 03:38:00,417
6386357,Apr/17/2014 19:51,ZhouYuChen,418A - Football,Python 3,Accepted,451 ms,31900 KB,2014-04-17 19:51:00,418
6515549,May/01/2014 14:40,Dixtosa,421B - Start Up,Python 3,Accepted,62 ms,1100 KB,2014-05-01 14:40:00,419
6515549,May/01/2014 14:40,Dixtosa,421B - Start Up,Python 3,Accepted,62 ms,1100 KB,2014-05-01 14:40:00,420
48111439,Jan/09/2019 12:45,KanhuKeNanu,421A - Pasha and Hamsters,Python 3,Accepted,124 ms,0 KB,2019-01-09 12:45:00,421
79142145,May/06/2020 16:11,coderemite,424A - Squats,Python 3,Accepted,109 ms,0 KB,2020-05-06 16:11:00,424
6496444,Apr/28/2014 03:22,choice,425A - Sereja and Swaps,Python 3,Accepted,811 ms,200 KB,2014-04-28 03:22:00,425
73920071,Mar/22/2020 00:47,coderemite,426A - Sereja and Mugs,Python 3,Accepted,109 ms,0 KB,2020-03-22 00:47:00,426
67672450,Dec/27/2019 00:31,stars_in_the_sky,427A - Police Recruits,Python 3,Accepted,140 ms,5200 KB,2019-12-27 00:31:00,427
6621183,May/15/2014 17:41,yugle7,429A - Xor-tree,Python 3,Accepted,639 ms,13300 KB,2014-05-15 17:41:00,429
15914387,Feb/09/2016 16:44,not_bot_but_POT,430A - Points and Segments (easy),Python 3,Accepted,61 ms,0 KB,2016-02-09 16:44:00,430
72867613,Mar/10/2020 07:31,harshav_b,431A - Black Square,Python 3,Accepted,124 ms,300 KB,2020-03-10 07:31:00,431
30902518,Oct/01/2017 10:59,winstontsai,432A - Choosing Teams,Python 3,Accepted,77 ms,0 KB,2017-10-01 10:59:00,432
79650183,May/10/2020 15:05,coderemite,433A - Kitahara Haruki's Gift,Python 3,Accepted,124 ms,6500 KB,2020-05-10 15:05:00,433
14508361,Nov/27/2015 12:16,pjcuy,433C - Ryouko's Memory Note,Python 3,Accepted,483 ms,11700 KB,2015-11-27 12:16:00,434
79214837,May/07/2020 02:30,coderemite,435A - Queue on Bus Stop,Python 3,Accepted,109 ms,6500 KB,2020-05-07 02:30:00,435
6885875,Jun/13/2014 23:39,farizazmip,436A - Feed with Candy,Python 3,Accepted,1387 ms,0 KB,2014-06-13 23:39:00,436
6775848,Jun/01/2014 21:50,yugle7,437A - The Child and Homework,Python 3,Accepted,124 ms,0 KB,2014-06-01 21:50:00,437
79745129,May/11/2020 15:33,anjit_6294,437C - The Child and Toy,Python 3,Accepted,109 ms,6800 KB,2020-05-11 15:33:00,438
29672336,Aug/22/2017 05:54,ecnerwala,"439A - Devu, the Singer and Churu, the Joker",Python 3,Accepted,62 ms,0 KB,2017-08-22 05:54:00,439
29498863,Aug/16/2017 10:18,Qumeric,440A - Forgotten Episode,Python 3,Accepted,93 ms,10300 KB,2017-08-16 10:18:00,440
75586928,Apr/05/2020 19:09,coderemite,441A - Valera and Antique Items,Python 3,Accepted,109 ms,0 KB,2020-04-05 19:09:00,441
32713970,Nov/27/2017 15:05,yugle7,442A - Borya and Hanabi,Python 3,Accepted,77 ms,5400 KB,2017-11-27 15:05:00,442
6943740,Jun/22/2014 22:16,Qumeric,443A - Anton and Letters,Python 3,Accepted,93 ms,0 KB,2014-06-22 22:16:00,443
7061891,Jul/11/2014 10:02,cinderela,444A - DZY Loves Physics,Python 3,Accepted,529 ms,0 KB,2014-07-11 10:02:00,444
54471820,May/22/2019 08:58,MajAK,445A - DZY Loves Chessboard,Python 3,Accepted,109 ms,0 KB,2019-05-22 08:58:00,445
24278757,Jan/31/2017 01:36,GShot,446A - DZY Loves Sequences,Python 3,Accepted,296 ms,12600 KB,2017-01-31 01:36:00,446
74667848,Mar/28/2020 21:31,coderemite,447A - DZY Loves Hash,Python 3,Accepted,109 ms,0 KB,2020-03-28 21:31:00,447
73971286,Mar/22/2020 17:49,coderemite,448A - Rewards,Python 3,Accepted,109 ms,0 KB,2020-03-22 17:49:00,448
69405982,Jan/23/2020 13:51,hotboy2703,449A - Jzzhu and Chocolate,Python 3,Accepted,124 ms,300 KB,2020-01-23 13:51:00,449
54634024,May/25/2019 18:57,vjudge5,450A - Jzzhu and Children,Python 3,Accepted,109 ms,0 KB,2019-05-25 18:57:00,450
16339673,Feb/26/2016 06:02,EgSubZ,451A - Game With Sticks,Python 3,Accepted,62 ms,0 KB,2016-02-26 06:02:00,451
7271837,Jul/28/2014 00:51,choice,452A - Eevee,Python 3,Accepted,62 ms,0 KB,2014-07-28 00:51:00,452
46821618,Dec/09/2018 18:38,jaaguptamme,453A - Little Pony and Expected Maximum,Python 3,Accepted,155 ms,0 KB,2018-12-09 18:38:00,453
73292698,Mar/15/2020 02:10,coderemite,454A - Little Pony and Crystal Mine,Python 3,Accepted,109 ms,0 KB,2020-03-15 02:10:00,454
46979316,Dec/13/2018 21:38,khalil.247,455A - Boredom,Python 3,Accepted,202 ms,6400 KB,2018-12-13 21:38:00,455
43721464,Oct/03/2018 13:13,AbduSharif,456A - Laptops,Python 3,Accepted,374 ms,0 KB,2018-10-03 13:13:00,456
7506833,Aug/19/2014 12:49,__ivan__,458A - Golden System,Python 3,Accepted,249 ms,1900 KB,2014-08-19 12:49:00,457
7506833,Aug/19/2014 12:49,__ivan__,458A - Golden System,Python 3,Accepted,249 ms,1900 KB,2014-08-19 12:49:00,458
27792759,Jun/15/2017 14:57,Shravanthi_Reddy,459A - Pashmak and Garden,Python 3,Accepted,62 ms,0 KB,2017-06-15 14:57:00,459
16709221,Mar/14/2016 10:24,Strochik12,460A - Vasya and Socks,Python 3,Accepted,62 ms,0 KB,2016-03-14 10:24:00,460
12616644,Aug/20/2015 17:03,UnusedFever,461A - Appleman and Toastman,Python 3,Accepted,389 ms,19200 KB,2015-08-20 17:03:00,461
66882949,Dec/14/2019 20:12,JarydX,462A - Appleman and Easy Task,Python 3,Accepted,109 ms,0 KB,2019-12-14 20:12:00,462
11887696,Jul/01/2015 23:44,greencis,463A - Caisa and Sugar,Python 3,Accepted,62 ms,0 KB,2015-07-01 23:44:00,463
28528071,Jul/13/2017 21:39,Sheemon7,464A - No to Palindromes!,Python 3,Accepted,77 ms,5400 KB,2017-07-13 21:39:00,464
39420954,Jun/19/2018 22:50,Yee_172,465A - inc ARG,Python 3,Accepted,78 ms,0 KB,2018-06-19 22:50:00,465
15914450,Feb/09/2016 16:45,not_bot_but_POT,466A - Cheap Travel,Python 3,Accepted,62 ms,0 KB,2016-02-09 16:45:00,466
43994453,Oct/08/2018 13:46,Cathos,467A - George and Accommodation,Python 3,Accepted,109 ms,0 KB,2018-10-08 13:46:00,467
25207366,Mar/04/2017 13:08,YazanRi,468A - 24 Game,Python 3,Accepted,748 ms,4900 KB,2017-03-04 13:08:00,468
29540374,Aug/18/2017 02:07,ecnerwala,469A - I Wanna Be the Guy,Python 3,Accepted,62 ms,0 KB,2017-08-18 02:07:00,469
15914455,Feb/09/2016 16:45,not_bot_but_POT,471A - MUH and Sticks,Python 3,Accepted,62 ms,0 KB,2016-02-09 16:45:00,471
46733194,Dec/07/2018 21:28,khalil.247,472A - Design Tutorial: Learn from Math,Python 3,Accepted,124 ms,0 KB,2018-12-07 21:28:00,472
15914459,Feb/09/2016 16:45,not_bot_but_POT,474A - Keyboard,Python 3,Accepted,62 ms,0 KB,2016-02-09 16:45:00,474
19830561,Aug/12/2016 17:17,Amores,475A - Bayan Bus,Python 3,Accepted,62 ms,4500 KB,2016-08-12 17:17:00,475
45906807,Nov/18/2018 11:52,Silky_Littleraisin,476A - Dreamoon and Stairs,Python 3,Accepted,109 ms,0 KB,2018-11-18 11:52:00,476
22669427,Dec/03/2016 08:36,Mr.Hitch,476C - Dreamoon and Sums,Python 3,Accepted,62 ms,0 KB,2016-12-03 08:36:00,477
77319595,Apr/20/2020 04:11,coderemite,478A - Initial Bet,Python 3,Accepted,93 ms,0 KB,2020-04-20 04:11:00,478
76090076,Apr/10/2020 15:43,coderemite,479A - Expression,Python 3,Accepted,93 ms,0 KB,2020-04-10 15:43:00,479
18181430,Jun/01/2016 14:45,xidebixia,479C - Exams,Python 3,Accepted,93 ms,5400 KB,2016-06-01 14:45:00,480
8388681,Oct/24/2014 22:18,Vaghar,483C - Diverse Permutation,Python 3,Accepted,296 ms,3500 KB,2014-10-24 22:18:00,482
18355542,Jun/10/2016 12:23,UnusedFever,483A - Counterexample,Python 3,Accepted,77 ms,4700 KB,2016-06-10 12:23:00,483
15914476,Feb/09/2016 16:45,not_bot_but_POT,484A - Bits,Python 3,Accepted,374 ms,0 KB,2016-02-09 16:45:00,484
36691222,Mar/28/2018 14:51,Bamal,485A - Factory,Python 3,Accepted,78 ms,7200 KB,2018-03-28 14:51:00,485
44006173,Oct/08/2018 18:59,Cathos,486A - Calculating Function,Python 3,Accepted,124 ms,0 KB,2018-10-08 18:59:00,486
15914480,Feb/09/2016 16:45,not_bot_but_POT,487A - Fight the Monster,Python 3,Accepted,62 ms,0 KB,2016-02-09 16:45:00,487
77127804,Apr/18/2020 00:52,coderemite,488A - Giga Tower,Python 3,Accepted,109 ms,0 KB,2020-04-18 00:52:00,488
22259246,Nov/16/2016 09:39,borbor,489A - SwapSort,Python 3,Accepted,249 ms,900 KB,2016-11-16 09:39:00,489
73963039,Mar/22/2020 16:09,coderemite,490A - Team Olympiad,Python 3,Accepted,124 ms,300 KB,2020-03-22 16:09:00,490
79459731,May/09/2020 14:48,coderemite,491A - Up the hill,Python 3,Accepted,233 ms,9400 KB,2020-05-09 14:48:00,491
69507406,Jan/25/2020 12:12,stars_in_the_sky,492A - Vanya and Cubes,Python 3,Accepted,109 ms,0 KB,2020-01-25 12:12:00,492
20539561,Sep/11/2016 23:14,Amores,493A - Vasya and Football,Python 3,Accepted,62 ms,0 KB,2016-09-11 23:14:00,493
9108355,Dec/13/2014 20:03,DiEvAl,495C - Treasure,Python 3,Accepted,202 ms,1400 KB,2014-12-13 20:03:00,494
9136237,Dec/15/2014 06:35,jackowitzd2,495A - Digital Counter,Python 3,Accepted,62 ms,0 KB,2014-12-15 06:35:00,495
75614995,Apr/06/2020 03:47,coderemite,496A - Minimum Difficulty,Python 3,Accepted,109 ms,0 KB,2020-04-06 03:47:00,496
78511122,Apr/29/2020 22:14,dubey07#,496C - Removing Columns,Python 3,Accepted,109 ms,300 KB,2020-04-29 22:14:00,497
49854302,Feb/13/2019 09:17,vjudge3,499C - Crazy Town,Python 3,Accepted,109 ms,0 KB,2019-02-13 09:17:00,498
9362356,Jan/04/2015 22:31,jackowitzd2,499A - Watching a movie,Python 3,Accepted,77 ms,0 KB,2015-01-04 22:31:00,499
52250244,Apr/03/2019 01:52,sofigenr,500A - New Year Transportation,Python 3,Accepted,124 ms,1800 KB,2019-04-03 01:52:00,500
75578032,Apr/05/2020 17:23,coderemite,501A - Contest,Python 3,Accepted,93 ms,0 KB,2020-04-05 17:23:00,501
9418902,Jan/12/2015 20:31,puffingpup,501C - Misha and Forest,Python 3,Accepted,748 ms,11200 KB,2015-01-12 20:31:00,504
17026455,Mar/30/2016 02:09,lavafalls,505A - Mr. Kitayuta's Gift,Python 3,Accepted,62 ms,4500 KB,2016-03-30 02:09:00,505
61025925,Sep/21/2019 18:59,Ajay_Modi,507A - Amr and Music,Python 3,Accepted,124 ms,0 KB,2019-09-21 18:59:00,507
9662021,Feb/01/2015 09:19,sunhong,508A - Pasha and Pixels,Python 3,Accepted,514 ms,4500 KB,2015-02-01 09:19:00,508
9674212,Feb/02/2015 12:58,xorek222,509A - Maximum in Table,Python 3,Accepted,62 ms,0 KB,2015-02-02 12:58:00,509
45084880,Oct/30/2018 09:38,Silky_Littleraisin,510A - Fox And Snake,Python 3,Accepted,108 ms,0 KB,2018-10-30 09:38:00,510
18454917,Jun/14/2016 18:41,mike_nzk,510C - Fox And Names,Python 3,Accepted,77 ms,5000 KB,2016-06-14 18:41:00,512
73975314,Mar/22/2020 18:41,coderemite,513A - Game,Python 3,Accepted,124 ms,0 KB,2020-03-22 18:41:00,513
48592796,Jan/20/2019 07:09,DLCattici,514A - Chewbaсca and Number,Python 3,Accepted,124 ms,0 KB,2019-01-20 07:09:00,514
29183870,Aug/04/2017 08:02,ecnerwala,515A - Drazil and Date,Python 3,Accepted,61 ms,4500 KB,2017-08-04 08:02:00,515
40682239,Jul/23/2018 23:53,rumboalfuturo,515C - Drazil and Factorial,Python 3,Accepted,124 ms,0 KB,2018-07-23 23:53:00,516
13602572,Oct/14/2015 09:34,Amores,518A - Vitaly and Strings,Python 3,Accepted,62 ms,0 KB,2015-10-14 09:34:00,518
10395502,Mar/22/2015 11:39,yugle7,519A - A and B and Chess,Python 3,Accepted,62 ms,0 KB,2015-03-22 11:39:00,519
29671982,Aug/22/2017 05:34,ecnerwala,520A - Pangram,Python 3,Accepted,62 ms,0 KB,2017-08-22 05:34:00,520
30589090,Sep/21/2017 19:04,yugle7,520C - DNA Alignment,Python 3,Accepted,61 ms,200 KB,2017-09-21 19:04:00,521
10794185,Apr/20/2015 08:31,Vivek_N_2,522A - Reposts,Python 3,Accepted,62 ms,4600 KB,2015-04-20 08:31:00,522
20797635,Sep/21/2016 17:25,Amores,"523A - Rotate, Flip and Zoom",Python 3,Accepted,62 ms,600 KB,2016-09-21 17:25:00,523
16860985,Mar/21/2016 20:25,SerVasilich,"524A - Возможно, вы знаете этих людей?",Python 3,Accepted,124 ms,5000 KB,2016-03-21 20:25:00,524
79582655,May/09/2020 21:13,coderemite,525A - Vitaliy and Pie,Python 3,Accepted,202 ms,15700 KB,2020-05-09 21:13:00,525
21656429,Oct/22/2016 06:34,Amores,526A - King of Thieves,Python 3,Accepted,77 ms,0 KB,2016-10-22 06:34:00,526
15914539,Feb/09/2016 16:46,not_bot_but_POT,527A - Playing with Paper,Python 3,Accepted,46 ms,0 KB,2016-02-09 16:46:00,527
68647439,Jan/12/2020 12:33,jvti,534A - Exam,Python 3,Accepted,140 ms,500 KB,2020-01-12 12:33:00,534
12983037,Sep/13/2015 14:13,diang,535A - Tavas and Nafas,Python 3,Accepted,62 ms,0 KB,2015-09-13 14:13:00,535
31255727,Oct/12/2017 19:53,yugle7,535C - Tavas and Karafs,Python 3,Accepted,1747 ms,0 KB,2017-10-12 19:53:00,536
46909175,Dec/11/2018 18:55,Silky_Littleraisin,538A - Cutting Banner,Python 3,Accepted,109 ms,0 KB,2018-12-11 18:55:00,538
73964797,Mar/22/2020 16:33,coderemite,540A - Combination Lock,Python 3,Accepted,109 ms,0 KB,2020-03-22 16:33:00,540
11034229,May/07/2015 22:00,merolish,544A - Set of Strings,Python 3,Accepted,46 ms,0 KB,2015-05-07 22:00:00,544
75926913,Apr/08/2020 22:57,coderemite,545A - Toy Cars,Python 3,Accepted,124 ms,0 KB,2020-04-08 22:57:00,545
42809076,Sep/12/2018 21:46,BBtheGoD,546A - Soldier and Bananas,Python 3,Accepted,124 ms,0 KB,2018-09-12 21:46:00,546
15914563,Feb/09/2016 16:47,not_bot_but_POT,548A - Mike and Fax,Python 3,Accepted,62 ms,0 KB,2016-02-09 16:47:00,548
11634566,Jun/18/2015 18:07,ChiliuDog,549A - Face Detection,Python 3,Accepted,62 ms,0 KB,2015-06-18 18:07:00,549
39877233,Jul/02/2018 22:18,Yath230799,550A - Two Substrings,Python 3,Accepted,124 ms,200 KB,2018-07-02 22:18:00,550
12629224,Aug/21/2015 17:05,UnusedFever,551A - GukiZ and Contest,Python 3,Accepted,1201 ms,500 KB,2015-08-21 17:05:00,551
78923293,May/04/2020 03:26,coderemite,552A - Vanya and Table,Python 3,Accepted,109 ms,0 KB,2020-05-04 03:26:00,552
12293401,Jul/31/2015 18:12,Fekete,554C - Kyoya and Colored Balls,Python 3,Accepted,155 ms,100 KB,2015-07-31 18:12:00,553
11745826,Jun/24/2015 20:34,zvovov,554A - Kyoya and Photobooks,Python 3,Accepted,61 ms,0 KB,2015-06-24 20:34:00,554
47010145,Dec/14/2018 19:01,Silky_Littleraisin,555A - Case of Matryoshkas,Python 3,Accepted,327 ms,6900 KB,2018-12-14 19:01:00,555
14565006,Nov/30/2015 06:36,lavafalls,556A - Case of the Zeros and Ones,Python 3,Accepted,62 ms,500 KB,2015-11-30 06:36:00,556
19819001,Aug/12/2016 07:38,Amores,557A - Ilya and Diplomas,Python 3,Accepted,62 ms,4500 KB,2016-08-12 07:38:00,557
22890126,Dec/11/2016 20:20,ohNoo,558A - Lala Land and Apple Trees,Python 3,Accepted,61 ms,0 KB,2016-12-11 20:20:00,558
12263680,Jul/29/2015 14:28,SerVasilich,560C - Gerald's Hexagon,Python 3,Accepted,46 ms,0 KB,2015-07-29 14:28:00,559
12187368,Jul/22/2015 20:53,vitux,560A - Currency System in Geraldion,Python 3,Accepted,46 ms,0 KB,2015-07-22 20:53:00,560
79704009,May/11/2020 06:53,rowida126,567A - Lineland Mail,Python 3,Accepted,577 ms,15300 KB,2020-05-11 06:53:00,567
31034631,Oct/05/2017 16:10,yugle7,568A - Primes or Palindromes?,Python 3,Accepted,701 ms,4700 KB,2017-10-05 16:10:00,568
57935637,Jul/29/2019 13:34,Annvv,569A - Music,Python 3,Accepted,109 ms,0 KB,2019-07-29 13:34:00,569
15914593,Feb/09/2016 16:48,not_bot_but_POT,570A - Elections,Python 3,Accepted,62 ms,100 KB,2016-02-09 16:48:00,570
24978146,Feb/24/2017 15:01,sina-ss,571A - Lengthening Sticks,Python 3,Accepted,701 ms,4500 KB,2017-02-24 15:01:00,571
75276345,Apr/02/2020 21:08,stars_in_the_sky,572A - Arrays,Python 3,Accepted,156 ms,8600 KB,2020-04-02 21:08:00,572
19951738,Aug/18/2016 21:24,Amores,573A - Bear and Poker,Python 3,Accepted,607 ms,11700 KB,2016-08-18 21:24:00,573
19037699,Jul/12/2016 02:02,Amores,574A - Bear and Elections,Python 3,Accepted,77 ms,0 KB,2016-07-12 02:02:00,574
46240365,Nov/26/2018 10:28,Silky_Littleraisin,576A - Vasya and Petya's Game,Python 3,Accepted,124 ms,0 KB,2018-11-26 10:28:00,576
45373980,Nov/06/2018 14:26,Silky_Littleraisin,577A - Multiplication Table,Python 3,Accepted,124 ms,0 KB,2018-11-06 14:26:00,577
15914604,Feb/09/2016 16:48,not_bot_but_POT,578A - A Problem about Polyline,Python 3,Accepted,62 ms,0 KB,2016-02-09 16:48:00,578
13027113,Sep/16/2015 18:19,SerVasilich,579A - Raising Bacteria,Python 3,Accepted,46 ms,0 KB,2015-09-16 18:19:00,579
43997915,Oct/08/2018 15:23,Cathos,580A - Kefa and First Steps,Python 3,Accepted,202 ms,7000 KB,2018-10-08 15:23:00,580
68134743,Jan/03/2020 21:23,stars_in_the_sky,581A - Vasya the Hipster,Python 3,Accepted,109 ms,0 KB,2020-01-03 21:23:00,581
15914609,Feb/09/2016 16:48,not_bot_but_POT,582A - GCD Table,Python 3,Accepted,670 ms,15700 KB,2016-02-09 16:48:00,582
75797354,Apr/08/2020 05:49,coderemite,583A - Asphalting Roads,Python 3,Accepted,109 ms,0 KB,2020-04-08 05:49:00,583
30691966,Sep/25/2017 01:59,winstontsai,584A - Olesya and Rodion,Python 3,Accepted,62 ms,0 KB,2017-09-25 01:59:00,584
14361383,Nov/20/2015 17:34,he_jun_wei,586A - Alena's Schedule,Python 3,Accepted,77 ms,500 KB,2015-11-20 17:34:00,586
13942210,Oct/30/2015 04:08,SteelRaven,587A - Duff and Weight Lifting,Python 3,Accepted,951 ms,61800 KB,2015-10-30 04:08:00,587
74723897,Mar/29/2020 14:24,coderemite,588A - Duff and Meat,Python 3,Accepted,343 ms,0 KB,2020-03-29 14:24:00,588
76676828,Apr/14/2020 13:06,LeierKing,591C - Median Smoothing,Python 3,Accepted,998 ms,26000 KB,2020-04-14 13:06:00,590
74209317,Mar/24/2020 17:15,coderemite,591A - Wizards' Duel,Python 3,Accepted,124 ms,0 KB,2020-03-24 17:15:00,591
20291419,Aug/31/2016 02:14,Amores,592A - PawnChess,Python 3,Accepted,77 ms,0 KB,2016-08-31 02:14:00,592
14309949,Nov/17/2015 12:02,LAO,593A - 2Char,Python 3,Accepted,77 ms,0 KB,2015-11-17 12:02:00,593
14687957,Dec/07/2015 18:12,rickya#,595C - Warrior and Archer,Python 3,Accepted,233 ms,16400 KB,2015-12-07 18:12:00,594
64054960,Nov/02/2019 03:45,luismriq,595A - Vitaly and Night,Python 3,Accepted,109 ms,300 KB,2019-11-02 03:45:00,595
20291643,Aug/31/2016 02:45,Amores,596A - Wilbur and Swimming Pool,Python 3,Accepted,78 ms,0 KB,2016-08-31 02:45:00,596
15914631,Feb/09/2016 16:48,not_bot_but_POT,597A - Divisibility,Python 3,Accepted,62 ms,0 KB,2016-02-09 16:48:00,597
39696281,Jun/27/2018 11:54,AmanGupta_,598A - Tricky Sum,Python 3,Accepted,78 ms,0 KB,2018-06-27 11:54:00,598
70563350,Feb/08/2020 15:31,coderemite,599A - Patrick and Shopping,Python 3,Accepted,124 ms,0 KB,2020-02-08 15:31:00,599
31447542,Oct/17/2017 15:09,yugle7,600A - Extract Numbers,Python 3,Accepted,997 ms,6100 KB,2017-10-17 15:09:00,600
68154193,Jan/04/2020 11:16,ERIWUG,601A - The Two Routes,Python 3,Accepted,358 ms,900 KB,2020-01-04 11:16:00,601
79760281,May/11/2020 18:25,coderemite,602A - Two Bases,Python 3,Accepted,109 ms,6500 KB,2020-05-11 18:25:00,602
27599112,Jun/05/2017 22:01,YazanRi,604C - Alternative Thinking,Python 3,Accepted,62 ms,200 KB,2017-06-05 22:01:00,603
79219827,May/07/2020 04:43,coderemite,604A - Uncowed Forces,Python 3,Accepted,124 ms,6500 KB,2020-05-07 04:43:00,604
14844098,Dec/17/2015 12:50,Nymphet,605A - Sorting Railway Cars,Python 3,Accepted,109 ms,6800 KB,2015-12-17 12:50:00,605
14742920,Dec/10/2015 14:56,kvanted,606A - Magic Spheres,Python 3,Accepted,62 ms,0 KB,2015-12-10 14:56:00,606
61037011,Sep/21/2019 23:27,gosaindhruv,607A - Chain Reaction,Python 3,Accepted,592 ms,6000 KB,2019-09-21 23:27:00,607
20539106,Sep/11/2016 22:41,Amores,608A - Saitama Destroys Hotel,Python 3,Accepted,77 ms,0 KB,2016-09-11 22:41:00,608
20473200,Sep/09/2016 09:51,Amores,609A - Флеш-карты,Python 3,Accepted,62 ms,0 KB,2016-09-09 09:51:00,609
19818900,Aug/12/2016 07:31,Amores,610A - Pasha and Stick,Python 3,Accepted,62 ms,4500 KB,2016-08-12 07:31:00,610
74217772,Mar/24/2020 18:46,coderemite,611A - New Year and Days,Python 3,Accepted,109 ms,0 KB,2020-03-24 18:46:00,611
15505415,Jan/23/2016 02:41,Amores,612A - The Text Splitting,Python 3,Accepted,77 ms,0 KB,2016-01-23 02:41:00,612
36276845,Mar/14/2018 16:17,MarcoXerox,613A - Peter and Snow Blower,Python 3,Accepted,545 ms,15000 KB,2018-03-14 16:17:00,613
47008793,Dec/14/2018 18:19,Silky_Littleraisin,614A - Link/Cut Tree,Python 3,Accepted,109 ms,0 KB,2018-12-14 18:19:00,614
73136473,Mar/13/2020 14:59,coderemite,615A - Bulbs,Python 3,Accepted,109 ms,100 KB,2020-03-13 14:59:00,615
79098558,May/06/2020 03:52,coderemite,616A - Comparing Two Long Integers,Python 3,Accepted,109 ms,4300 KB,2020-05-06 03:52:00,616
15559426,Jan/24/2016 19:19,thehaiyang,617A - Elephant,Python 3,Accepted,62 ms,0 KB,2016-01-24 19:19:00,617
74651968,Mar/28/2020 18:09,coderemite,618A - Slime Combining,Python 3,Accepted,109 ms,0 KB,2020-03-28 18:09:00,618
15729398,Feb/01/2016 14:12,Mateon1,620A - Professor GukiZ's Robot,Python 3,Accepted,62 ms,0 KB,2016-02-01 14:12:00,620
55127595,Jun/05/2019 16:35,vjudge3,621A - Wet Shark and Odd and Even,Python 3,Accepted,155 ms,8300 KB,2019-06-05 16:35:00,621
58111637,Aug/01/2019 10:24,salimRawas,622A - Infinite Sequence,Python 3,Accepted,109 ms,0 KB,2019-08-01 10:24:00,622
31039916,Oct/05/2017 18:55,yugle7,623A - Graph and String,Python 3,Accepted,483 ms,300 KB,2017-10-05 18:55:00,623
15817506,Feb/05/2016 06:21,lavafalls,624A - Save Luke,Python 3,Accepted,62 ms,0 KB,2016-02-05 06:21:00,624
17150678,Apr/03/2016 23:42,Imrais,625A - Guest From the Past,Python 3,Accepted,77 ms,5000 KB,2016-04-03 23:42:00,625
16065495,Feb/17/2016 07:21,snowflake,626A - Robot Sequence,Python 3,Accepted,77 ms,2300 KB,2016-02-17 07:21:00,626
31561440,Oct/21/2017 12:23,yugle7,627A - XOR Equation,Python 3,Accepted,62 ms,5400 KB,2017-10-21 12:23:00,627
16219706,Feb/20/2016 06:17,koshin,628A - Tennis Tournament,Python 3,Accepted,62 ms,0 KB,2016-02-20 06:17:00,628
73364311,Mar/15/2020 22:32,coderemite,629A - Far Relative’s Birthday Cake,Python 3,Accepted,109 ms,300 KB,2020-03-15 22:32:00,629
16143570,Feb/18/2016 18:01,xlwinner11,630A - Again Twenty Five!,Python 3,Accepted,61 ms,0 KB,2016-02-18 18:01:00,630
51888346,Mar/27/2019 10:44,Mehrdad_ravenS,631A - Interview,Python 3,Accepted,124 ms,400 KB,2019-03-27 10:44:00,631
20426899,Sep/07/2016 03:27,Amores,632A - Grandma Laura and Apples,Python 3,Accepted,61 ms,0 KB,2016-09-07 03:27:00,632
20448279,Sep/08/2016 04:49,Amores,633A - Ebony and Ivory,Python 3,Accepted,77 ms,0 KB,2016-09-08 04:49:00,633
16440653,Mar/01/2016 15:19,rondou,634A - Island Puzzle,Python 3,Accepted,140 ms,18600 KB,2016-03-01 15:19:00,634
59562661,Aug/27/2019 12:17,franckmy,635A - Orchestra,Python 3,Accepted,124 ms,0 KB,2019-08-27 12:17:00,635
16797175,Mar/19/2016 00:06,SerVasilich,637A - Voting for Photos,Python 3,Accepted,93 ms,7000 KB,2016-03-19 00:06:00,637
24090400,Jan/24/2017 14:49,YazanRi,638A - Home Numbers,Python 3,Accepted,93 ms,4500 KB,2017-01-24 14:49:00,638
20410340,Sep/06/2016 04:41,Amores,639A - Bear and Displayed Friends,Python 3,Accepted,950 ms,13000 KB,2016-09-06 04:41:00,639
79387295,May/08/2020 17:31,coderemite,641A - Little Artem and Grasshopper,Python 3,Accepted,155 ms,14300 KB,2020-05-08 17:31:00,641
79413479,May/08/2020 23:14,coderemite,644A - Parliament of Berland,Python 3,Accepted,124 ms,6800 KB,2020-05-08 23:14:00,644
72111229,Feb/29/2020 20:02,cs1g,645A - Amity Assessment,Python 3,Accepted,109 ms,300 KB,2020-02-29 20:02:00,645
16859331,Mar/21/2016 18:40,komendart,646A - Три брата,Python 3,Accepted,62 ms,4500 KB,2016-03-21 18:40:00,646
16933606,Mar/25/2016 19:37,komendart,647A - Оценки Васи,Python 3,Accepted,62 ms,4500 KB,2016-03-25 19:37:00,647
16888646,Mar/23/2016 18:06,SendThemToHell,648A - Наибольший подъем,Python 3,Accepted,77 ms,5000 KB,2016-03-23 18:06:00,648
16946737,Mar/26/2016 10:32,Sagitav,649A - Любимые числа Поликарпа,Python 3,Accepted,77 ms,4500 KB,2016-03-26 10:32:00,649
16847855,Mar/21/2016 01:59,jackowitzd2,650A - Watchmen,Python 3,Accepted,1559 ms,33200 KB,2016-03-21 01:59:00,650
16682503,Mar/13/2016 00:51,jackowitzd2,651A - Joysticks,Python 3,Accepted,77 ms,0 KB,2016-03-13 00:51:00,651
31418106,Oct/16/2017 19:19,yugle7,652A - Gabriel and Caterpillar,Python 3,Accepted,62 ms,5400 KB,2017-10-16 19:19:00,652
68779159,Jan/14/2020 17:25,cs1g,653A - Bear and Three Balls,Python 3,Accepted,109 ms,0 KB,2020-01-14 17:25:00,653
72111229,Feb/29/2020 20:02,cs1g,645A - Amity Assessment,Python 3,Accepted,109 ms,300 KB,2020-02-29 20:02:00,655
27095983,May/13/2017 22:04,priyansh.dalsania,656A - Da Vinci Powers,Python 3,Accepted,62 ms,0 KB,2017-05-13 22:04:00,656
33008442,Dec/07/2017 22:05,YazanRi,639B - Bear and Forgotten Tree 3,Python 3,Accepted,592 ms,5700 KB,2017-12-07 22:05:00,657
70509757,Feb/07/2020 17:32,coderemite,658A - Bear and Reverse Radewoosh,Python 3,Accepted,124 ms,500 KB,2020-02-07 17:32:00,658
17607468,May/01/2016 14:50,z423x5c6,659A - Round House,Python 3,Accepted,77 ms,4800 KB,2016-05-01 14:50:00,659
17293950,Apr/12/2016 21:21,w3rew,660A - Co-prime Array,Python 3,Accepted,77 ms,400 KB,2016-04-12 21:21:00,660
21197338,Oct/05/2016 00:57,Amores,663A - Rebus,Python 3,Accepted,374 ms,0 KB,2016-10-05 00:57:00,663
74247325,Mar/25/2020 03:21,coderemite,664A - Complicated GCD,Python 3,Accepted,108 ms,0 KB,2020-03-25 03:21:00,664
31790543,Oct/27/2017 12:48,yugle7,665A - Buses Between Cities,Python 3,Accepted,62 ms,0 KB,2017-10-27 12:48:00,665
31432198,Oct/16/2017 23:05,yugle7,666A - Reberland Linguistics,Python 3,Accepted,93 ms,6800 KB,2017-10-16 23:05:00,666
19831910,Aug/12/2016 18:29,Amores,667A - Pouring Rain,Python 3,Accepted,62 ms,4500 KB,2016-08-12 18:29:00,667
34251994,Jan/17/2018 15:49,yugle7,641B - Little Artem and Matrix,Python 3,Accepted,217 ms,6500 KB,2018-01-17 15:49:00,668
24232776,Jan/28/2017 21:49,Wavescale,669A - Little Artem and Presents,Python 3,Accepted,62 ms,4500 KB,2017-01-28 21:49:00,669
52452411,Apr/07/2019 13:20,y0f01,670A - Holidays,Python 3,Accepted,109 ms,0 KB,2019-04-07 13:20:00,670
18235429,Jun/03/2016 21:02,Vasiliy_48,672C - Recycling Bottles,Python 3,Accepted,1278 ms,19100 KB,2016-06-03 21:02:00,671
17874438,May/12/2016 14:27,SerVasilich,672A - Summer Camp,Python 3,Accepted,77 ms,5000 KB,2016-05-12 14:27:00,672
74648585,Mar/28/2020 17:28,coderemite,673A - Bear and Game,Python 3,Accepted,109 ms,0 KB,2020-03-28 17:28:00,673
69950435,Feb/01/2020 11:47,whiwf,675A - Infinite Sequence,Python 3,Accepted,124 ms,300 KB,2020-02-01 11:47:00,675
75795072,Apr/08/2020 04:34,coderemite,676A - Nicholas and Permutation,Python 3,Accepted,124 ms,0 KB,2020-04-08 04:34:00,676
52210999,Apr/01/2019 22:47,sofigenr,677A - Vanya and Fence,Python 3,Accepted,109 ms,0 KB,2019-04-01 22:47:00,677
18439483,Jun/14/2016 02:46,lavafalls,678A - Johny Likes Numbers,Python 3,Accepted,62 ms,0 KB,2016-06-14 02:46:00,678
18331425,Jun/09/2016 00:45,SerVasilich,680C - Bear and Prime 100,Python 3,Accepted,77 ms,4700 KB,2016-06-09 00:45:00,679
74241802,Mar/25/2020 00:19,coderemite,680A - Bear and Five Cards,Python 3,Accepted,109 ms,0 KB,2020-03-25 00:19:00,680
18483476,Jun/15/2016 02:20,sugar,681A - A Good Contest,Python 3,Accepted,77 ms,4700 KB,2016-06-15 02:20:00,681
18567786,Jun/18/2016 02:25,Ferathorn,682A - Alyona and Numbers,Python 3,Accepted,452 ms,0 KB,2016-06-18 02:25:00,682
30570776,Sep/21/2017 11:15,yugle7,685A - Robbers' watch,Python 3,Accepted,77 ms,300 KB,2017-09-21 11:15:00,685
67858744,Dec/29/2019 10:10,stars_in_the_sky,686A - Free Ice Cream,Python 3,Accepted,140 ms,0 KB,2019-12-29 10:10:00,686
47492637,Dec/25/2018 16:07,vjudge1,687A - NP-Hard Problem,Python 3,Accepted,561 ms,15300 KB,2018-12-25 16:07:00,687
73147955,Mar/13/2020 18:05,coderemite,688A - Opponents,Python 3,Accepted,109 ms,300 KB,2020-03-13 18:05:00,688
57342801,Jul/19/2019 22:59,orailly,689A - Mike and Cellphone,Python 3,Accepted,124 ms,0 KB,2019-07-19 22:59:00,689
69798983,Jan/30/2020 00:26,cs1g,691A - Fashion in Berland,Python 3,Accepted,124 ms,0 KB,2020-01-30 00:26:00,691
19152706,Jul/15/2016 15:13,newpie,697C - Lorenzo Von Matterhorn,Python 3,Accepted,187 ms,7800 KB,2016-07-15 15:13:00,696
20766648,Sep/20/2016 04:03,jackowitzd2,697A - Pineapple Incident,Python 3,Accepted,78 ms,0 KB,2016-09-20 04:03:00,697
24334187,Feb/01/2017 09:18,vikkram,698A - Vacations,Python 3,Accepted,93 ms,4500 KB,2017-02-01 09:18:00,698
19461076,Jul/28/2016 15:21,ndsf,699A - Launch of Collider,Python 3,Accepted,186 ms,16000 KB,2016-07-28 15:21:00,699
19465497,Jul/28/2016 20:03,kno0,700A - As Fast As Possible,Python 3,Accepted,77 ms,0 KB,2016-07-28 20:03:00,700
19470841,Jul/29/2016 05:26,rpk74m,701A - Cards,Python 3,Accepted,61 ms,0 KB,2016-07-29 05:26:00,701
73974231,Mar/22/2020 18:26,coderemite,702A - Maximum Increase,Python 3,Accepted,171 ms,7200 KB,2020-03-22 18:26:00,702
19739864,Aug/09/2016 06:45,Amores,703A - Mishka and Game,Python 3,Accepted,62 ms,4500 KB,2016-08-09 06:45:00,703
19751637,Aug/09/2016 20:23,rpk74m,704A - Thor,Python 3,Accepted,1482 ms,30700 KB,2016-08-09 20:23:00,704
66570233,Dec/10/2019 06:43,MehulJ,705A - Hulk,Python 3,Accepted,109 ms,0 KB,2019-12-10 06:43:00,705
20183161,Aug/26/2016 23:10,Amores,706A - Beru-taxi,Python 3,Accepted,92 ms,4500 KB,2016-08-26 23:10:00,706
72864911,Mar/10/2020 06:04,harshav_b,707A - Brain's Photos,Python 3,Accepted,124 ms,100 KB,2020-03-10 06:04:00,707
20662752,Sep/16/2016 18:04,karan_lal2015,708A - Letters Cyclic Shift,Python 3,Accepted,140 ms,600 KB,2016-09-16 18:04:00,708
49806963,Feb/11/2019 23:29,RW___J1307,709A - Juicer,Python 3,Accepted,186 ms,6000 KB,2019-02-11 23:29:00,709
75919478,Apr/08/2020 21:33,coderemite,710A - King Moves,Python 3,Accepted,109 ms,0 KB,2020-04-08 21:33:00,710
45971209,Nov/19/2018 19:00,vjudge4,711A - Bus to Udayland,Python 3,Accepted,124 ms,0 KB,2018-11-19 19:00:00,711
74246249,Mar/25/2020 02:39,coderemite,712A - Memory and Crow,Python 3,Accepted,249 ms,8400 KB,2020-03-25 02:39:00,712
46654867,Dec/05/2018 18:47,Silky_Littleraisin,713A - Sonya and Queries,Python 3,Accepted,686 ms,1900 KB,2018-12-05 18:47:00,713
20604847,Sep/14/2016 07:20,Amores,714A - Meeting of Old Friends,Python 3,Accepted,78 ms,0 KB,2016-09-14 07:20:00,714
21628103,Oct/20/2016 23:27,ian9696,715A - Plus and Square Root,Python 3,Accepted,421 ms,100 KB,2016-10-20 23:27:00,715
20796660,Sep/21/2016 16:56,Amores,716A - Crazy Computer,Python 3,Accepted,171 ms,7000 KB,2016-09-21 16:56:00,716
20929505,Sep/26/2016 19:14,rpk74m,718A - Efim and Strange Grade,Python 3,Accepted,202 ms,1800 KB,2016-09-26 19:14:00,718
20885546,Sep/24/2016 14:29,Amores,719A - Vitya in the Countryside,Python 3,Accepted,93 ms,0 KB,2016-09-24 14:29:00,719
53577390,Apr/30/2019 17:30,UTMoonlight,721A - One-dimensional Japanese Crossword,Python 3,Accepted,124 ms,0 KB,2019-04-30 17:30:00,721
21095282,Oct/01/2016 21:13,rpk74m,722A - Broken Clock,Python 3,Accepted,62 ms,0 KB,2016-10-01 21:13:00,722
30656377,Sep/24/2017 07:06,winstontsai,723A - The New Year: Meeting Friends,Python 3,Accepted,78 ms,0 KB,2017-09-24 07:06:00,723
29121293,Aug/02/2017 10:36,Qumeric,724A - Checking the Calendar,Python 3,Accepted,46 ms,4500 KB,2017-08-02 10:36:00,724
21799966,Oct/26/2016 19:09,KoTR,725A - Jumping Ball,Python 3,Accepted,62 ms,600 KB,2016-10-26 19:09:00,725
79332484,May/08/2020 02:22,coderemite,727A - Transformation: from A to B,Python 3,Accepted,109 ms,6500 KB,2020-05-08 02:22:00,727
22413759,Nov/23/2016 01:51,SerVasilich,738A - Interview with Oleg,Python 3,Accepted,93 ms,500 KB,2016-11-23 01:51:00,729
22123982,Nov/09/2016 08:33,alexeybender,730A - Toda 2,Python 3,Accepted,343 ms,600 KB,2016-11-09 08:33:00,730
30117059,Sep/05/2017 22:19,notsniwiast,731A - Night at the Museum,Python 3,Accepted,77 ms,0 KB,2017-09-05 22:19:00,731
48548622,Jan/19/2019 01:14,Soumya_123,732A - Buy a Shovel,Python 3,Accepted,139 ms,0 KB,2019-01-19 01:14:00,732
30017463,Sep/02/2017 20:01,notsniwiast,733A - Grasshopper And the String,Python 3,Accepted,77 ms,500 KB,2017-09-02 20:01:00,733
51274231,Mar/13/2019 22:50,Cathos,734A - Anton and Danik,Python 3,Accepted,109 ms,200 KB,2019-03-13 22:50:00,734
51290144,Mar/14/2019 12:41,daotiennamhlvl,735A - Ostap and Grasshopper,Python 3,Accepted,109 ms,0 KB,2019-03-14 12:41:00,735
22714489,Dec/05/2016 18:18,Q-learning,735C - Tennis Championship,Python 3,Accepted,62 ms,0 KB,2016-12-05 18:18:00,736
22413759,Nov/23/2016 01:51,SerVasilich,738A - Interview with Oleg,Python 3,Accepted,93 ms,500 KB,2016-11-23 01:51:00,738
22693260,Dec/04/2016 13:03,tetroborat,739A - Alyona and mex,Python 3,Accepted,514 ms,3100 KB,2016-12-04 13:03:00,739
25972159,Mar/31/2017 12:05,YazanRi,740A - Alyona and copybooks,Python 3,Accepted,77 ms,5400 KB,2017-03-31 12:05:00,740
28384610,Jul/09/2017 12:38,nns2009,742C - Arpa's loud Owf and Mehrdad's evil plan,Python 3,Accepted,62 ms,5400 KB,2017-07-09 12:38:00,741
23322025,Dec/25/2016 22:00,Vispaar.Ariana,742A - Arpa’s hard exam and Mehrdad’s naive cheat,Python 3,Accepted,77 ms,4500 KB,2016-12-25 22:00:00,742
39061648,Jun/09/2018 09:33,__Melodies,743A - Vladik and flights,Python 3,Accepted,93 ms,200 KB,2018-06-09 09:33:00,743
29157789,Aug/03/2017 17:31,hackentosh11,745C - Hongcow Builds A Nation,Python 3,Accepted,514 ms,9400 KB,2017-08-03 17:31:00,744
71217976,Feb/16/2020 14:15,stars_in_the_sky,745A - Hongcow Learns the Cyclic Shift,Python 3,Accepted,109 ms,0 KB,2020-02-16 14:15:00,745
36369755,Mar/17/2018 22:09,cima,746A - Compote,Python 3,Accepted,93 ms,6900 KB,2018-03-17 22:09:00,746
78868362,May/03/2020 09:34,AM_coder,747A - Display Size,Python 3,Accepted,108 ms,0 KB,2020-05-03 09:34:00,747
74650561,Mar/28/2020 17:52,coderemite,748A - Santa Claus and a Place in a Class,Python 3,Accepted,124 ms,0 KB,2020-03-28 17:52:00,748
35571475,Feb/22/2018 14:25,_MgM_,749A - Bachgold Problem,Python 3,Accepted,62 ms,5700 KB,2018-02-22 14:25:00,749
30688451,Sep/24/2017 22:08,winstontsai,750A - New Year and Hurry,Python 3,Accepted,62 ms,0 KB,2017-09-24 22:08:00,750
23272720,Dec/24/2016 16:44,BagishovMikail,751A - Оценки Васи,Python 3,Accepted,77 ms,4500 KB,2016-12-24 16:44:00,751
74650561,Mar/28/2020 17:52,coderemite,748A - Santa Claus and a Place in a Class,Python 3,Accepted,124 ms,0 KB,2020-03-28 17:52:00,752
46992067,Dec/14/2018 08:27,vjudge5,753A - Santa Claus and Candies,Python 3,Accepted,124 ms,0 KB,2018-12-14 08:27:00,753
23926436,Jan/18/2017 19:09,RUxenHxd,754A - Lesha and array splitting,Python 3,Accepted,77 ms,4500 KB,2017-01-18 19:09:00,754
47453650,Dec/24/2018 14:18,AbduSharif,755A - PolandBall and Hypothesis,Python 3,Accepted,124 ms,0 KB,2018-12-24 14:18:00,755
24076011,Jan/23/2017 19:54,af0706,760C - Pavel and barbecue,Python 3,Accepted,342 ms,18100 KB,2017-01-23 19:54:00,756
40170152,Jul/10/2018 15:02,WhatsInItForMe,757A - Gotta Catch Em' All!,Python 3,Accepted,140 ms,200 KB,2018-07-10 15:02:00,757
71047604,Feb/14/2020 11:56,AhmedMaherHosny,758A - Holiday Of Equality,Python 3,Accepted,109 ms,0 KB,2020-02-14 11:56:00,758
24076011,Jan/23/2017 19:54,af0706,760C - Pavel and barbecue,Python 3,Accepted,342 ms,18100 KB,2017-01-23 19:54:00,759
74669168,Mar/28/2020 21:49,coderemite,760A - Petr and a calendar,Python 3,Accepted,109 ms,0 KB,2020-03-28 21:49:00,760
76698703,Apr/14/2020 16:38,coderemite,761A - Dasha and Stairs,Python 3,Accepted,109 ms,0 KB,2020-04-14 16:38:00,761
26569080,Apr/22/2017 00:05,merolish,763A - Timofey and a tree,Python 3,Accepted,529 ms,21800 KB,2017-04-22 00:05:00,763
73136700,Mar/13/2020 15:06,coderemite,764A - Taymyr is calling you,Python 3,Accepted,124 ms,0 KB,2020-03-13 15:06:00,764
24670063,Feb/14/2017 15:42,SoMuchDrama,765A - Neverending competitions,Python 3,Accepted,61 ms,4500 KB,2017-02-14 15:42:00,765
65082321,Nov/15/2019 19:58,_IchBin_,766A - Mahmoud and Longest Uncommon Subsequence,Python 3,Accepted,124 ms,300 KB,2019-11-15 19:58:00,766
25482908,Mar/14/2017 20:32,Zombarian,767A - Snacktower,Python 3,Accepted,639 ms,13400 KB,2017-03-14 20:32:00,767
60679061,Sep/16/2019 16:25,Ajay_Modi,768A - Oath of the Night's Watch,Python 3,Accepted,171 ms,9000 KB,2019-09-16 16:25:00,768
25410024,Mar/11/2017 18:25,Zombarian,769A - Year of University Entrance,Python 3,Accepted,62 ms,4500 KB,2017-03-11 18:25:00,769
40403738,Jul/16/2018 11:47,Fan_Of_The_Secret_Annex,770A - New Password,Python 3,Accepted,124 ms,0 KB,2018-07-16 11:47:00,770
46742812,Dec/08/2018 07:42,Silky_Littleraisin,771A - Bear and Friendship Condition,Python 3,Accepted,686 ms,47000 KB,2018-12-08 07:42:00,771
31153031,Oct/08/2017 22:23,yugle7,772A - Voltage Keepsake,Python 3,Accepted,592 ms,10300 KB,2017-10-08 22:23:00,772
31167059,Oct/09/2017 15:32,yugle7,773A - Success Rate,Python 3,Accepted,77 ms,0 KB,2017-10-09 15:32:00,773
26151273,Apr/05/2017 19:36,"My Life For T-shirts: AntonZ, thequickfox",774A - Amusement Park,Python 3,Accepted,358 ms,5900 KB,2017-04-05 19:36:00,774
70799704,Feb/11/2020 19:33,stars_in_the_sky,776A - A Serial Killer,Python 3,Accepted,124 ms,0 KB,2020-02-11 19:33:00,776
49554044,Feb/07/2019 11:24,KanhuKeNanu,777A - Shell Game,Python 3,Accepted,109 ms,0 KB,2019-02-07 11:24:00,777
25058550,Feb/26/2017 18:22,Yut0,779D - String Game,Python 3,Accepted,1621 ms,19000 KB,2017-02-26 18:22:00,778
41648902,Aug/16/2018 13:31,cs1g,779A - Pupils Redistribution,Python 3,Accepted,124 ms,0 KB,2018-08-16 13:31:00,779
74153637,Mar/24/2020 03:52,coderemite,780A - Andryusha and Socks,Python 3,Accepted,265 ms,12000 KB,2020-03-24 03:52:00,780
74153637,Mar/24/2020 03:52,coderemite,780A - Andryusha and Socks,Python 3,Accepted,265 ms,12000 KB,2020-03-24 03:52:00,782
26039649,Apr/01/2017 04:16,TianyiChen,784A - Numbers Joke,Python 3,Accepted,61 ms,5400 KB,2017-04-01 04:16:00,784
25546534,Mar/16/2017 14:30,Wild_Hamster,785A - Anton and Polyhedrons,Python 3,Accepted,421 ms,4500 KB,2017-03-16 14:30:00,785
68375804,Jan/07/2020 22:49,vulcanx21,787A - The Monster,Python 3,Accepted,124 ms,1400 KB,2020-01-07 22:49:00,787
55589692,Jun/15/2019 14:37,iamssk,788A - Functions again,Python 3,Accepted,249 ms,9000 KB,2019-06-15 14:37:00,788
25940373,Mar/30/2017 07:21,eddy1021,789A - Anastasia and pebbles,Python 3,Accepted,108 ms,11600 KB,2017-03-30 07:21:00,789
73580874,Mar/18/2020 17:46,tanu38,771B - Bear and Different Names,Python 3,Accepted,109 ms,300 KB,2020-03-18 17:46:00,790
48161640,Jan/09/2019 22:58,Soumya_123,791A - Bear and Big Brother,Python 3,Accepted,109 ms,0 KB,2019-01-09 22:58:00,791
26176481,Apr/06/2017 20:48,shukla.gauravshukla2,792A - New Bus Route,Python 3,Accepted,327 ms,20900 KB,2017-04-06 20:48:00,792
79165576,May/06/2020 17:59,coderemite,793A - Oleg and shares,Python 3,Accepted,171 ms,15800 KB,2020-05-06 17:59:00,793
74673368,Mar/28/2020 22:52,coderemite,794A - Bank Robbery,Python 3,Accepted,156 ms,7600 KB,2020-03-28 22:52:00,794
26151273,Apr/05/2017 19:36,"My Life For T-shirts: AntonZ, thequickfox",774A - Amusement Park,Python 3,Accepted,358 ms,5900 KB,2017-04-05 19:36:00,795
69904453,Jan/31/2020 16:48,stars_in_the_sky,796A - Buying A House,Python 3,Accepted,124 ms,300 KB,2020-01-31 16:48:00,796
78870429,May/03/2020 10:29,shaurya950,797A - k-Factorization,Python 3,Accepted,124 ms,0 KB,2020-05-03 10:29:00,797
46957431,Dec/13/2018 08:34,eugalt,798A - Mike and palindrome,Python 3,Accepted,124 ms,0 KB,2018-12-13 08:34:00,798
43457816,Sep/26/2018 18:45,tusharamit3200,799A - Carrot Cakes,Python 3,Accepted,124 ms,0 KB,2018-09-26 18:45:00,799
31153031,Oct/08/2017 22:23,yugle7,772A - Voltage Keepsake,Python 3,Accepted,592 ms,10300 KB,2017-10-08 22:23:00,800
26645362,Apr/24/2017 19:42,merolish,801A - Vicious Keyboard,Python 3,Accepted,77 ms,5400 KB,2017-04-24 19:42:00,801
51410989,Mar/17/2019 15:03,yltx,802A - Heidi and Library (easy),Python 3,Accepted,109 ms,0 KB,2019-03-17 15:03:00,802
65618536,Nov/24/2019 08:15,shiv1470#,803A - Maximal Binary Matrix,Python 3,Accepted,124 ms,900 KB,2019-11-24 08:15:00,803
27686146,Jun/09/2017 12:28,frankbozar,804A - Find Amir,Python 3,Accepted,61 ms,0 KB,2017-06-09 12:28:00,804
33612116,Dec/25/2017 11:48,tube-lite,805A - Fake NP,Python 3,Accepted,62 ms,5500 KB,2017-12-25 11:48:00,805
31167059,Oct/09/2017 15:32,yugle7,773A - Success Rate,Python 3,Accepted,77 ms,0 KB,2017-10-09 15:32:00,806
74297238,Mar/25/2020 16:50,coderemite,807A - Is it rated?,Python 3,Accepted,124 ms,0 KB,2020-03-25 16:50:00,807
29204390,Aug/05/2017 00:17,Qumeric,808A - Lucky Year,Python 3,Accepted,62 ms,4500 KB,2017-08-05 00:17:00,808
28477946,Jul/12/2017 18:17,Vasiliy_48,810C - Do you want a date?,Python 3,Accepted,592 ms,27600 KB,2017-07-12 18:17:00,809
36247932,Mar/13/2018 15:27,Bamal,810A - Straight <<A>>,Python 3,Accepted,62 ms,5500 KB,2018-03-13 15:27:00,810
74248219,Mar/25/2020 04:00,coderemite,811A - Vladik and Courtesy,Python 3,Accepted,109 ms,0 KB,2020-03-25 04:00:00,811
27580621,Jun/05/2017 13:28,orailly,812A - Sagheer and Crossroads,Python 3,Accepted,62 ms,0 KB,2017-06-05 13:28:00,812
27689615,Jun/09/2017 16:10,frankbozar,813A - The Contest,Python 3,Accepted,61 ms,0 KB,2017-06-09 16:10:00,813
60722817,Sep/17/2019 15:55,Ajay_Modi,814A - An abandoned sentiment from past,Python 3,Accepted,124 ms,0 KB,2019-09-17 15:55:00,814
28055838,Jun/26/2017 14:00,Zombarian,815A - Karen and Game,Python 3,Accepted,311 ms,6100 KB,2017-06-26 14:00:00,815
27998923,Jun/24/2017 09:46,liouzhou_101,816A - Karen and Morning,Python 3,Accepted,62 ms,5400 KB,2017-06-24 09:46:00,816
27798215,Jun/15/2017 18:23,eddy1021,817A - Treasure Hunt,Python 3,Accepted,62 ms,0 KB,2017-06-15 18:23:00,817
79011174,May/05/2020 03:05,coderemite,818A - Diplomas and Certificates,Python 3,Accepted,109 ms,0 KB,2020-05-05 03:05:00,818
28109871,Jun/28/2017 10:07,BinZhao,819A - Mister B and Boring Game,Python 3,Accepted,62 ms,5400 KB,2017-06-28 10:07:00,819
78885930,May/03/2020 14:25,coderemite,820A - Mister B and Book Reading,Python 3,Accepted,109 ms,0 KB,2020-05-03 14:25:00,820
28104292,Jun/28/2017 00:37,orailly,821A - Okabe and Future Gadget Laboratory,Python 3,Accepted,77 ms,5400 KB,2017-06-28 00:37:00,821
57816512,Jul/26/2019 23:01,HotBoyyy,822A - I'm bored with life,Python 3,Accepted,124 ms,0 KB,2019-07-26 23:01:00,822
28477120,Jul/12/2017 17:37,Zrj,828D - High Load,Python 3,Accepted,1185 ms,5700 KB,2017-07-12 17:37:00,823
59670194,Aug/29/2019 18:43,spellstaker#,825A - Binary Protocol,Python 3,Accepted,109 ms,0 KB,2019-08-29 18:43:00,825
28439703,Jul/11/2017 20:29,sobir_bobiev,828A - Restaurant Tables,Python 3,Accepted,109 ms,8300 KB,2017-07-11 20:29:00,828
28569964,Jul/15/2017 12:53,Zombarian,830A - Office Keys,Python 3,Accepted,670 ms,5700 KB,2017-07-15 12:53:00,830
78967006,May/04/2020 15:36,coderemite,831A - Unimodal Array,Python 3,Accepted,109 ms,0 KB,2020-05-04 15:36:00,831
28861602,Jul/25/2017 04:38,kosyachniy,832A - Sasha and Sticks,Python 3,Accepted,62 ms,4500 KB,2017-07-25 04:38:00,832
78843421,May/02/2020 21:48,coderemite,834A - The Useless Toy,Python 3,Accepted,109 ms,0 KB,2020-05-02 21:48:00,834
70350003,Feb/05/2020 13:38,coderemite,835A - Key races,Python 3,Accepted,140 ms,0 KB,2020-02-05 13:38:00,835
29176663,Aug/03/2017 22:41,mjhun,837A - Text Volume,Python 3,Accepted,61 ms,4500 KB,2017-08-03 22:41:00,837
75606538,Apr/05/2020 23:43,coderemite,839A - Arya and Bran,Python 3,Accepted,108 ms,0 KB,2020-04-05 23:43:00,839
39954705,Jul/04/2018 15:19,Ali_Pi#,840A - Leha and Function,Python 3,Accepted,1060 ms,32600 KB,2018-07-04 15:19:00,840
69817283,Jan/30/2020 09:35,stars_in_the_sky,841A - Generous Kefa,Python 3,Accepted,124 ms,0 KB,2020-01-30 09:35:00,841
29910213,Aug/30/2017 10:07,jamjury,842A - Kirill And The Game,Python 3,Accepted,62 ms,0 KB,2017-08-30 10:07:00,842
29792125,Aug/25/2017 23:45,eugalt,844C - Sorting by Subsequences,Python 3,Accepted,795 ms,14100 KB,2017-08-25 23:45:00,843
79270911,May/07/2020 15:55,coderemite,844A - Diversity,Python 3,Accepted,109 ms,6500 KB,2020-05-07 15:55:00,844
69668040,Jan/28/2020 15:04,cs1g,845A - Chess Tourney,Python 3,Accepted,124 ms,300 KB,2020-01-28 15:04:00,845
30124241,Sep/06/2017 09:33,__ivan__,846A - Curriculum Vitae,Python 3,Accepted,62 ms,0 KB,2017-09-06 09:33:00,846
32308580,Nov/14/2017 13:32,yugle7,847A - Union of Doubly Linked Lists,Python 3,Accepted,62 ms,0 KB,2017-11-14 13:32:00,847
29984079,Sep/01/2017 17:39,tsukuyomi,849C - From Y to Y,Python 3,Accepted,62 ms,0 KB,2017-09-01 17:39:00,848
30014643,Sep/02/2017 17:20,YazanRi,849A - Odds and Ends,Python 3,Accepted,62 ms,0 KB,2017-09-02 17:20:00,849
33475754,Dec/21/2017 13:00,Jiburiru,850A - Five Dimensional Points,Python 3,Accepted,62 ms,5600 KB,2017-12-21 13:00:00,850
73917433,Mar/21/2020 23:43,coderemite,851A - Arpa and a research in Mexican wave,Python 3,Accepted,124 ms,0 KB,2020-03-21 23:43:00,851
74207008,Mar/24/2020 16:54,coderemite,854A - Fraction,Python 3,Accepted,109 ms,0 KB,2020-03-24 16:54:00,854
70507012,Feb/07/2020 16:49,coderemite,855A - Tom Riddle's Diary,Python 3,Accepted,109 ms,0 KB,2020-02-07 16:49:00,855
40465584,Jul/17/2018 09:37,Ali_Pi#,856A - Set Theory,Python 3,Accepted,842 ms,7800 KB,2018-07-17 09:37:00,856
52229163,Apr/02/2019 14:09,vjudge3,861A - k-rounding,Python 3,Accepted,109 ms,0 KB,2019-04-02 14:09:00,858
41097683,Aug/01/2018 23:59,sergovoy,859A - Declined Finalists,Python 3,Accepted,109 ms,0 KB,2018-08-01 23:59:00,859
30809659,Sep/28/2017 18:53,yugle7,858C - Did you mean...,Python 3,Accepted,62 ms,100 KB,2017-09-28 18:53:00,860
52229163,Apr/02/2019 14:09,vjudge3,861A - k-rounding,Python 3,Accepted,109 ms,0 KB,2019-04-02 14:09:00,861
30553554,Sep/20/2017 20:18,codeComposer,862A - Mahmoud and Ehab and the MEX,Python 3,Accepted,77 ms,0 KB,2017-09-20 20:18:00,862
58558159,Aug/11/2019 06:49,Ajay_Modi,863A - Quasi-palindrome,Python 3,Accepted,124 ms,0 KB,2019-08-11 06:49:00,863
75932551,Apr/09/2020 00:27,coderemite,864A - Fair Game,Python 3,Accepted,109 ms,0 KB,2020-04-09 00:27:00,864
30960282,Oct/03/2017 10:00,nickluo,867B - Save the problem!,Python 3,Accepted,62 ms,0 KB,2017-10-03 10:00:00,865
30960282,Oct/03/2017 10:00,nickluo,867B - Save the problem!,Python 3,Accepted,62 ms,0 KB,2017-10-03 10:00:00,866
50643899,Mar/01/2019 18:04,UTMoonlight,867A - Between the Offices,Python 3,Accepted,108 ms,0 KB,2019-03-01 18:04:00,867
79100397,May/06/2020 04:53,coderemite,868A - Bark to Unlock,Python 3,Accepted,109 ms,300 KB,2020-05-06 04:53:00,868
74641327,Mar/28/2020 16:00,coderemite,870A - Search for Pretty Integers,Python 3,Accepted,124 ms,0 KB,2020-03-28 16:00:00,870
43294829,Sep/23/2018 15:52,Laurant,871A - Maximum splitting,Python 3,Accepted,1543 ms,0 KB,2018-09-23 15:52:00,871
74641327,Mar/28/2020 16:00,coderemite,870A - Search for Pretty Integers,Python 3,Accepted,124 ms,0 KB,2020-03-28 16:00:00,872
72572687,Mar/06/2020 15:32,stars_in_the_universe,873A - Chores,Python 3,Accepted,108 ms,0 KB,2020-03-06 15:32:00,873
42117479,Aug/26/2018 13:40,cs1g,875A - Classroom Watch,Python 3,Accepted,108 ms,0 KB,2018-08-26 13:40:00,875
78841068,May/02/2020 21:09,coderemite,876A - Trip For Meal,Python 3,Accepted,109 ms,0 KB,2020-05-02 21:09:00,876
33749489,Dec/29/2017 06:35,wdsrocha,877A - Alex and broken contest,Python 3,Accepted,78 ms,5900 KB,2017-12-29 06:35:00,877
32815984,Nov/30/2017 23:22,yugle7,878A - Short Program,Python 3,Accepted,1450 ms,5500 KB,2017-11-30 23:22:00,878
76047741,Apr/10/2020 04:24,coderemite,879A - Borya's Diagnosis,Python 3,Accepted,109 ms,0 KB,2020-04-10 04:24:00,879
32143619,Nov/08/2017 20:47,atryapa,883A - Automatic Door,Python 3,Accepted,436 ms,10000 KB,2017-11-08 20:47:00,883
59960161,Sep/03/2019 20:42,Hrt_throber,884A - Book Reading,Python 3,Accepted,109 ms,0 KB,2019-09-03 20:42:00,884
32323199,Nov/15/2017 06:08,jackowitzd2,886A - ACM ICPC,Python 3,Accepted,62 ms,0 KB,2017-11-15 06:08:00,886
36286875,Mar/15/2018 00:00,daleks,887A - Div. 64,Python 3,Accepted,62 ms,5500 KB,2018-03-15 00:00:00,887
78993504,May/04/2020 20:59,coderemite,888A - Local Extrema,Python 3,Accepted,109 ms,300 KB,2020-05-04 20:59:00,888
32290946,Nov/13/2017 20:37,wibbn,886C - Petya and Catacombs,Python 3,Accepted,109 ms,14600 KB,2017-11-13 20:37:00,889
32323199,Nov/15/2017 06:08,jackowitzd2,886A - ACM ICPC,Python 3,Accepted,62 ms,0 KB,2017-11-15 06:08:00,890
33078030,Dec/10/2017 13:46,jp121039,891A - Pride,Python 3,Accepted,1091 ms,5500 KB,2017-12-10 13:46:00,891
74247177,Mar/25/2020 03:15,coderemite,892A - Greed,Python 3,Accepted,202 ms,8700 KB,2020-03-25 03:15:00,892
74646624,Mar/28/2020 17:04,coderemite,893A - Chess For Three,Python 3,Accepted,109 ms,0 KB,2020-03-28 17:04:00,893
67869570,Dec/29/2019 13:56,stars_in_the_sky,894A - QAQ,Python 3,Accepted,109 ms,0 KB,2019-12-29 13:56:00,894
33025838,Dec/08/2017 17:56,wangzpeng,895A - Pizza Separation,Python 3,Accepted,187 ms,5500 KB,2017-12-08 17:56:00,895
32887874,Dec/03/2017 04:12,hicodeworld,897C - Nephren gives a riddle,Python 3,Accepted,358 ms,5400 KB,2017-12-03 04:12:00,896
70504999,Feb/07/2020 16:17,coderemite,897A - Scarborough Fair,Python 3,Accepted,124 ms,0 KB,2020-02-07 16:17:00,897
33394012,Dec/19/2017 02:40,orailly,898A - Rounding,Python 3,Accepted,77 ms,5400 KB,2017-12-19 02:40:00,898
74645730,Mar/28/2020 16:53,coderemite,899A - Splitting in Teams,Python 3,Accepted,187 ms,3200 KB,2020-03-28 16:53:00,899
74246537,Mar/25/2020 02:51,coderemite,900A - Find Extra One,Python 3,Accepted,233 ms,400 KB,2020-03-25 02:51:00,900
33446531,Dec/20/2017 09:15,Jiburiru,902C - Hashing Trees,Python 3,Accepted,1029 ms,14300 KB,2017-12-20 09:15:00,901
33445924,Dec/20/2017 08:45,savannahar68#,902A - Visiting a Friend,Python 3,Accepted,62 ms,5500 KB,2017-12-20 08:45:00,902
74155217,Mar/24/2020 04:49,coderemite,903A - Hungry Student Problem,Python 3,Accepted,109 ms,1100 KB,2020-03-24 04:49:00,903
33646285,Dec/26/2017 15:17,eugalt,907A - Masha and Bears,Python 3,Accepted,62 ms,5500 KB,2017-12-26 15:17:00,904
33626062,Dec/25/2017 20:55,eugalt,907C - Shockers,Python 3,Accepted,327 ms,5800 KB,2017-12-25 20:55:00,906
33646285,Dec/26/2017 15:17,eugalt,907A - Masha and Bears,Python 3,Accepted,62 ms,5500 KB,2017-12-26 15:17:00,907
34059575,Jan/10/2018 02:54,yanyikai,908A - New Year and Counting Cards,Python 3,Accepted,62 ms,5500 KB,2018-01-10 02:54:00,908
33695547,Dec/27/2017 23:22,eugalt,909A - Generate Login,Python 3,Accepted,62 ms,5500 KB,2017-12-27 23:22:00,909
79012161,May/05/2020 03:35,coderemite,910A - The Way to Home,Python 3,Accepted,109 ms,0 KB,2020-05-05 03:35:00,910
39684426,Jun/26/2018 22:11,Elvis25,911A - Nearest Minimums,Python 3,Accepted,155 ms,9000 KB,2018-06-26 22:11:00,911
33923867,Jan/05/2018 17:37,* Yash_,912A - Tricky Alchemy,Python 3,Accepted,62 ms,5400 KB,2018-01-05 17:37:00,912
34008434,Jan/08/2018 17:50,divya063,913A - Modular Exponentiation,Python 3,Accepted,62 ms,18500 KB,2018-01-08 17:50:00,913
34392580,Jan/21/2018 00:11,eugalt,914A - Perfect Squares,Python 3,Accepted,62 ms,5500 KB,2018-01-21 00:11:00,914
74140831,Mar/23/2020 22:15,coderemite,915A - Garden,Python 3,Accepted,109 ms,0 KB,2020-03-23 22:15:00,915
34797277,Feb/01/2018 12:34,Yash_,916A - Jamie and Alarm Snooze,Python 3,Accepted,77 ms,5500 KB,2018-02-01 12:34:00,916
68444518,Jan/09/2020 15:11,stars_in_the_sky,918A - Eleven,Python 3,Accepted,124 ms,0 KB,2020-01-09 15:11:00,918
74000217,Mar/23/2020 02:58,coderemite,919A - Supermarket,Python 3,Accepted,156 ms,300 KB,2020-03-23 02:58:00,919
79329030,May/08/2020 00:41,coderemite,920A - Water The Garden,Python 3,Accepted,108 ms,6500 KB,2020-05-08 00:41:00,920
35035053,Feb/07/2018 23:50,eugalt,922A - Cloning Toys,Python 3,Accepted,62 ms,5500 KB,2018-02-07 23:50:00,922
36247838,Mar/13/2018 15:24,Leonardo_von_Einzbern,948B - Primal Sport,Python 3,Accepted,967 ms,9800 KB,2018-03-13 15:24:00,923
36627663,Mar/25/2018 23:56,eugalt,957B - Mystical Mosaic,Python 3,Accepted,93 ms,6900 KB,2018-03-25 23:56:00,924
36425001,Mar/20/2018 08:19,Yee_172,926A - 2-3-numbers,Python 3,Accepted,93 ms,6900 KB,2018-03-20 08:19:00,926
35674934,Feb/25/2018 13:05,Wrong Way: Qumeric,928A - Login Verification,Python 3,Accepted,62 ms,5500 KB,2018-02-25 13:05:00,928
36508528,Mar/22/2018 18:53,piyushkumarmaurya,929A - Прокат велосипедов,Python 3,Accepted,93 ms,6900 KB,2018-03-22 18:53:00,929
35914920,Mar/04/2018 12:29,* vvd1705014532,944C - Peculiar apple-tree,Python 3,Accepted,202 ms,20500 KB,2018-03-04 12:29:00,930
35955301,Mar/05/2018 06:29,Yee_172,931A - Friends Meeting,Python 3,Accepted,77 ms,5500 KB,2018-03-05 06:29:00,931
35296265,Feb/15/2018 17:38,naruhodou,932A - Palindromic Supersequence,Python 3,Accepted,62 ms,5500 KB,2018-02-15 17:38:00,932
35282783,Feb/15/2018 08:23,rareone0602,933A - A Twisty Movement,Python 3,Accepted,62 ms,6200 KB,2018-02-15 08:23:00,933
35272954,Feb/14/2018 21:17,better_than_timon,934A - A Compatible Pair,Python 3,Accepted,78 ms,5500 KB,2018-02-14 21:17:00,934
72867673,Mar/10/2020 07:32,harshav_b,935A - Fafa and his Company,Python 3,Accepted,124 ms,0 KB,2020-03-10 07:32:00,935
36026773,Mar/06/2018 22:41,hamlet,936A - Save Energy!,Python 3,Accepted,62 ms,5500 KB,2018-03-06 22:41:00,936
37032594,Apr/07/2018 00:40,merolish,937A - Olympiad,Python 3,Accepted,93 ms,6900 KB,2018-04-07 00:40:00,937
35375380,Feb/16/2018 23:01,eugalt,938A - Word Correction,Python 3,Accepted,93 ms,5900 KB,2018-02-16 23:01:00,938
73144509,Mar/13/2020 17:23,coderemite,939A - Love Triangle,Python 3,Accepted,124 ms,300 KB,2020-03-13 17:23:00,939
36048605,Mar/07/2018 17:57,kosyachniy,940A - Points on the line,Python 3,Accepted,62 ms,5500 KB,2018-03-07 17:57:00,940
71392834,Feb/18/2020 19:55,cs1g,931B - World Cup,Python 3,Accepted,124 ms,0 KB,2020-02-18 19:55:00,944
35999997,Mar/06/2018 18:14,eugalt,946A - Partition,Python 3,Accepted,77 ms,5500 KB,2018-03-06 18:14:00,946
36247838,Mar/13/2018 15:24,Leonardo_von_Einzbern,948B - Primal Sport,Python 3,Accepted,967 ms,9800 KB,2018-03-13 15:24:00,947
36517815,Mar/23/2018 03:33,eugalt,948A - Protect Sheep,Python 3,Accepted,139 ms,9100 KB,2018-03-23 03:33:00,948
74380231,Mar/26/2020 14:30,aakarsh,949A - Zebras,Python 3,Accepted,842 ms,18900 KB,2020-03-26 14:30:00,949
69910292,Jan/31/2020 18:11,stars_in_the_sky,"950A - Left-handers, Right-handers and Ambidexters",Python 3,Accepted,109 ms,300 KB,2020-01-31 18:11:00,950
41975486,Aug/22/2018 21:25,MajAK,1025C - Plasticine zebra,Python 3,Accepted,327 ms,700 KB,2018-08-22 21:25:00,951
36802592,Apr/01/2018 18:35,Avtakhov,952A - Quirky Quantifiers,Python 3,Accepted,92 ms,6900 KB,2018-04-01 18:35:00,952
36425001,Mar/20/2018 08:19,Yee_172,926A - 2-3-numbers,Python 3,Accepted,93 ms,6900 KB,2018-03-20 08:19:00,953
74648034,Mar/28/2020 17:22,coderemite,954A - Diagonal Walking,Python 3,Accepted,155 ms,800 KB,2020-03-28 17:22:00,954
36558111,Mar/24/2018 02:33,eugalt,955A - Feed the cat,Python 3,Accepted,78 ms,6900 KB,2018-03-24 02:33:00,955
36627663,Mar/25/2018 23:56,eugalt,957B - Mystical Mosaic,Python 3,Accepted,93 ms,6900 KB,2018-03-25 23:56:00,956
36605181,Mar/25/2018 01:06,eugalt,957A - Tritonic Iridescence,Python 3,Accepted,139 ms,7300 KB,2018-03-25 01:06:00,957
36909603,Apr/03/2018 19:10,dvec,959A - Mahmoud and Ehab and the even-odd game,Python 3,Accepted,93 ms,6900 KB,2018-04-03 19:10:00,959
37080246,Apr/07/2018 22:51,eugalt,960A - Check the string,Python 3,Accepted,93 ms,6900 KB,2018-04-07 22:51:00,960
36975182,Apr/04/2018 19:07,eugalt,961A - Tetris,Python 3,Accepted,109 ms,6900 KB,2018-04-04 19:07:00,961
37348664,Apr/15/2018 11:56,vladglebovv,962A - Equator,Python 3,Accepted,171 ms,20100 KB,2018-04-15 11:56:00,962
37424593,Apr/18/2018 07:09,Yee_172,963A - Alternating Sum,Python 3,Accepted,171 ms,7100 KB,2018-04-18 07:09:00,963
37399483,Apr/17/2018 17:16,HiPole,964A - Splits,Python 3,Accepted,93 ms,6900 KB,2018-04-17 17:16:00,964
74666747,Mar/28/2020 21:15,coderemite,965A - Paper Airplanes,Python 3,Accepted,109 ms,0 KB,2020-03-28 21:15:00,965
37749641,Apr/30/2018 16:54,eugalt,967A - Mind the Gap,Python 3,Accepted,93 ms,6900 KB,2018-04-30 16:54:00,967
37824935,May/01/2018 23:02,eugalt,975A - Aramic script,Python 3,Accepted,109 ms,10000 KB,2018-05-01 23:02:00,975
37781685,Apr/30/2018 23:33,eugalt,976A - Minimum Binary Number,Python 3,Accepted,92 ms,6900 KB,2018-04-30 23:33:00,976
51424346,Mar/17/2019 21:21,mario56865,977A - Wrong Subtraction,Python 3,Accepted,93 ms,0 KB,2019-03-17 21:21:00,977
73201524,Mar/14/2020 12:26,shashank-srivastava,978A - Remove Duplicates,Python 3,Accepted,109 ms,300 KB,2020-03-14 12:26:00,978
40199258,Jul/11/2018 14:25,2005_shakula,"979A - Pizza, Pizza, Pizza!!!",Python 3,Accepted,124 ms,0 KB,2018-07-11 14:25:00,979
38481379,May/21/2018 14:16,orailly,980A - Links and Pearls,Python 3,Accepted,93 ms,0 KB,2018-05-21 14:16:00,980
38694023,May/28/2018 15:29,Yee_172,981A - Antipalindrome,Python 3,Accepted,93 ms,0 KB,2018-05-28 15:29:00,981
38383637,May/18/2018 01:00,eugalt,982A - Row,Python 3,Accepted,124 ms,500 KB,2018-05-18 01:00:00,982
38350988,May/17/2018 16:47,eugalt,984C - Finite or not?,Python 3,Accepted,748 ms,6200 KB,2018-05-17 16:47:00,983
38303598,May/16/2018 00:54,rareone0602,984A - Game,Python 3,Accepted,78 ms,6900 KB,2018-05-16 00:54:00,984
38494078,May/21/2018 18:16,eugalt,985A - Chess Placing,Python 3,Accepted,78 ms,0 KB,2018-05-21 18:16:00,985
38753875,May/30/2018 02:20,eugalt,987A - Infinity Gauntlet,Python 3,Accepted,93 ms,6800 KB,2018-05-30 02:20:00,987
72987822,Mar/12/2020 01:46,coderemite,988A - Diverse Team,Python 3,Accepted,124 ms,0 KB,2020-03-12 01:46:00,988
57969324,Jul/30/2019 08:01,jvti,989A - A Blend of Springtime,Python 3,Accepted,140 ms,0 KB,2019-07-30 08:01:00,989
39142843,Jun/11/2018 13:18,jjikkollp,990A - Commentary Boxes,Python 3,Accepted,93 ms,0 KB,2018-06-11 13:18:00,990
39579272,Jun/23/2018 22:26,eugalt,991A - If at first you don't succeed...,Python 3,Accepted,93 ms,0 KB,2018-06-23 22:26:00,991
74282673,Mar/25/2020 14:18,coderemite,992A - Nastya and an Array,Python 3,Accepted,140 ms,8900 KB,2020-03-25 14:18:00,992
40232446,Jul/12/2018 15:50,ivan100sic,993A - Two Squares,Python 3,Accepted,124 ms,0 KB,2018-07-12 15:50:00,993
39330325,Jun/17/2018 12:00,orailly,994A - Fingerprints,Python 3,Accepted,93 ms,0 KB,2018-06-17 12:00:00,994
39619880,Jun/24/2018 20:27,hahho,996C - Tesla,Python 3,Accepted,171 ms,800 KB,2018-06-24 20:27:00,995
73776840,Mar/20/2020 12:01,Ak2001,996A - Hit the Lottery,Python 3,Accepted,124 ms,0 KB,2020-03-20 12:01:00,996
50796282,Mar/04/2019 21:45,galim665,998C - Convert to Ones,Python 3,Accepted,109 ms,3200 KB,2019-03-04 21:45:00,997
79219254,May/07/2020 04:29,coderemite,998A - Balloons,Python 3,Accepted,109 ms,6500 KB,2020-05-07 04:29:00,998
73012137,Mar/12/2020 13:07,coderemite,999A - Mishka and Contest,Python 3,Accepted,139 ms,300 KB,2020-03-12 13:07:00,999
