30166152,Sep/06/2017 23:37,notsniwiast,1B - Spreadsheet,Python 3,Accepted,4086 ms,0 KB,2017-09-06 23:37:00,1
35446227,Feb/18/2018 15:57,Relento,3B - Lorry,Python 3,Accepted,1278 ms,21800 KB,2018-02-18 15:57:00,3
42139586,Aug/27/2018 06:56,zhxjfl,4B - Before an Exam,Python 3,Accepted,109 ms,0 KB,2018-08-27 06:56:00,4
25660842,Mar/20/2017 10:23,Hamilton10,5B - Center Alignment,Python 3,Accepted,154 ms,5400 KB,2017-03-20 10:23:00,5
42260237,Aug/30/2018 05:26,zhxjfl,6B - President's Office,Python 3,Accepted,171 ms,0 KB,2018-08-30 05:26:00,6
14302957,Nov/16/2015 22:17,merolish,7B - Memory Manager,Python 3,Accepted,154 ms,300 KB,2015-11-16 22:17:00,7
78317582,Apr/27/2020 20:41,Anastasia_Gavrilita,8B - Obsession with Robots,Python 3,Accepted,216 ms,300 KB,2020-04-27 20:41:00,8
73773998,Mar/20/2020 11:24,Vasiliy_48,9B - Running Student,Python 3,Accepted,218 ms,0 KB,2020-03-20 11:24:00,9
55736694,Jun/19/2019 07:39,07rahi,11B - Jumping Jack,Python 3,Accepted,218 ms,0 KB,2019-06-19 07:39:00,11
19678218,Aug/07/2016 03:23,Amores,12B - Correct Solution?,Python 3,Accepted,154 ms,4500 KB,2016-08-07 03:23:00,12
78333419,Apr/28/2020 01:08,Anastasia_Gavrilita,13B - Letter A,Python 3,Accepted,716 ms,300 KB,2020-04-28 01:08:00,13
79420804,May/09/2020 02:18,coderemite,14B - Young Photographer,Python 3,Accepted,218 ms,6500 KB,2020-05-09 02:18:00,14
21232483,Oct/06/2016 14:11,Francis5566,15B - Laser,Python 3,Accepted,404 ms,0 KB,2016-10-06 14:11:00,15
79097876,May/06/2020 03:32,coderemite,16B - Burglar and Matches,Python 3,Accepted,248 ms,0 KB,2020-05-06 03:32:00,16
5360379,Dec/06/2013 16:42,yugle7,17B - Hierarchy,Python 3,Accepted,156 ms,100 KB,2013-12-06 16:42:00,17
53689102,May/03/2019 06:22,MIC10086,18B - Platforms,Python 3,Accepted,1808 ms,0 KB,2019-05-03 06:22:00,18
34343816,Jan/20/2018 11:00,yugle7,20B - Equation,Python 3,Accepted,62 ms,5500 KB,2018-01-20 11:00:00,20
54988781,Jun/02/2019 20:18,meme_lord,21B - Intersection,Python 3,Accepted,124 ms,0 KB,2019-06-02 20:18:00,21
55935055,Jun/22/2019 16:33,MajAK,22B - Bargaining Table,Python 3,Accepted,1340 ms,0 KB,2019-06-22 16:33:00,22
50276780,Feb/21/2019 13:31,T1duS,23B - Party,Python 3,Accepted,1932 ms,0 KB,2019-02-21 13:31:00,23
47815586,Jan/01/2019 17:11,SirULG,24B - F1 Champions,Python 3,Accepted,218 ms,0 KB,2019-01-01 17:11:00,24
15914693,Feb/09/2016 16:51,not_bot_but_POT,25B - Phone numbers,Python 3,Accepted,124 ms,0 KB,2016-02-09 16:51:00,25
79803945,May/12/2020 12:22,hosein_bidaki,26B - Regular Bracket Sequence,Python 3,Accepted,624 ms,9700 KB,2020-05-12 12:22:00,26
55868465,Jun/21/2019 16:25,MajAK,27B - Tournament,Python 3,Accepted,248 ms,0 KB,2019-06-21 16:25:00,27
76028877,Apr/09/2020 21:44,saimu12,28B - pSort,Python 3,Accepted,218 ms,300 KB,2020-04-09 21:44:00,28
55961363,Jun/23/2019 12:45,MajAK,29B - Traffic Lights,Python 3,Accepted,248 ms,0 KB,2019-06-23 12:45:00,29
13228184,Sep/26/2015 09:13,kewl,30B - Codeforces World Finals,Python 3,Accepted,124 ms,0 KB,2015-09-26 09:13:00,30
55935998,Jun/22/2019 17:00,MajAK,31B - Sysadmin Bob,Python 3,Accepted,124 ms,0 KB,2019-06-22 17:00:00,31
20800835,Sep/21/2016 19:23,Amores,32B - Borze,Python 3,Accepted,122 ms,100 KB,2016-09-21 19:23:00,32
45151607,Oct/31/2018 23:19,high_kii_savage,33B - String Problem,Python 3,Accepted,1996 ms,500 KB,2018-10-31 23:19:00,33
19682310,Aug/07/2016 10:39,Amores,34B - Sale,Python 3,Accepted,124 ms,4500 KB,2016-08-07 10:39:00,34
13245483,Sep/27/2015 09:54,kewl,35B - Warehouse,Python 3,Accepted,654 ms,100 KB,2015-09-27 09:54:00,35
20523346,Sep/11/2016 11:20,Amores,36B - Fractal,Python 3,Accepted,154 ms,500 KB,2016-09-11 11:20:00,36
15191276,Jan/05/2016 15:39,cugel,37B - Computer Game,Python 3,Accepted,62 ms,300 KB,2016-01-05 15:39:00,37
14777931,Dec/12/2015 23:54,merolish,38B - Chess,Python 3,Accepted,154 ms,0 KB,2015-12-12 23:54:00,38
40092793,Jul/08/2018 21:30,yugle7,39B - Company Income Growth,Python 3,Accepted,218 ms,0 KB,2018-07-08 21:30:00,39
11917144,Jul/04/2015 03:28,Eeyore,40B - Repaintings,Python 3,Accepted,124 ms,0 KB,2015-07-04 03:28:00,40
55934824,Jun/22/2019 16:25,MajAK,41B - Martian Dollar,Python 3,Accepted,248 ms,300 KB,2019-06-22 16:25:00,41
37570389,Apr/24/2018 14:22,Leendertz,42B - Game of chess unfinished,Python 3,Accepted,216 ms,6900 KB,2018-04-24 14:22:00,42
78651301,May/01/2020 15:10,anjit_6294,43B - Letter,Python 3,Accepted,218 ms,0 KB,2020-05-01 15:10:00,43
13304295,Sep/29/2015 22:11,kewl,44B - Cola,Python 3,Accepted,124 ms,0 KB,2015-09-29 22:11:00,44
66236988,Dec/03/2019 19:34,ziddi,46B - T-shirts from Sponsor,Python 3,Accepted,218 ms,0 KB,2019-12-03 19:34:00,46
22061970,Nov/05/2016 20:43,Amores,47B - Coins,Python 3,Accepted,154 ms,0 KB,2016-11-05 20:43:00,47
72722504,Mar/08/2020 13:51,cs1g,48B - Land Lot,Python 3,Accepted,436 ms,300 KB,2020-03-08 13:51:00,48
15974320,Feb/12/2016 19:27,merolish,49B - Sum,Python 3,Accepted,124 ms,0 KB,2016-02-12 19:27:00,49
51738729,Mar/23/2019 07:36,rumboalfuturo#,50B - Choosing Symbol Pairs,Python 3,Accepted,248 ms,300 KB,2019-03-23 07:36:00,50
21247617,Oct/07/2016 03:44,Amores,51B - bHTML Tables Analisys,Python 3,Accepted,154 ms,4800 KB,2016-10-07 03:44:00,51
15914729,Feb/09/2016 16:52,not_bot_but_POT,52B - Right Triangles,Python 3,Accepted,1246 ms,5400 KB,2016-02-09 16:52:00,52
55962277,Jun/23/2019 13:12,MajAK,53B - Blog Photo,Python 3,Accepted,248 ms,0 KB,2019-06-23 13:12:00,53
14100848,Nov/06/2015 10:48,Eeyore,54B - Cutting Jigsaw Puzzle,Python 3,Accepted,154 ms,300 KB,2015-11-06 10:48:00,54
15914733,Feb/09/2016 16:52,not_bot_but_POT,55B - Smallest number,Python 3,Accepted,154 ms,100 KB,2016-02-09 16:52:00,55
14828936,Dec/16/2015 05:51,merolish,56B - Spoilt Permutation,Python 3,Accepted,124 ms,0 KB,2015-12-16 05:51:00,56
55597671,Jun/15/2019 19:00,zapdospops,58B - Coins,Python 3,Accepted,590 ms,0 KB,2019-06-15 19:00:00,58
71507344,Feb/20/2020 19:50,cs1g,59B - Fortune Telling,Python 3,Accepted,218 ms,0 KB,2020-02-20 19:50:00,59
26143164,Apr/05/2017 15:37,vinky,61B - Hard Work,Python 3,Accepted,77 ms,5500 KB,2017-04-05 15:37:00,61
5498839,Dec/23/2013 23:59,yugle7,62B - Tyndex.Brome,Python 3,Accepted,530 ms,4600 KB,2013-12-23 23:59:00,62
75085848,Apr/01/2020 16:40,swarnimashishodia,63B - Settlers' Training,Python 3,Accepted,218 ms,0 KB,2020-04-01 16:40:00,63
7051568,Jul/09/2014 11:52,ItsLastDay,65B - Harry Potter and the History of Magic,Python 3,Accepted,140 ms,0 KB,2014-07-09 11:52:00,65
79652004,May/10/2020 15:28,coderemite,66B - Petya and Countryside,Python 3,Accepted,1028 ms,6800 KB,2020-05-10 15:28:00,66
64497773,Nov/08/2019 04:38,IngaleAnkur10,67B - Restoration of the Permutation,Python 3,Accepted,590 ms,400 KB,2019-11-08 04:38:00,67
5272762,Nov/27/2013 17:41,yugle7,68B - Energy exchange,Python 3,Accepted,156 ms,500 KB,2013-11-27 17:41:00,68
5092711,Nov/14/2013 00:19,yugle7,69B - Bets,Python 3,Accepted,124 ms,300 KB,2013-11-14 00:19:00,69
5316940,Dec/01/2013 00:03,yugle7,70B - Text Messaging,Python 3,Accepted,124 ms,0 KB,2013-12-01 00:03:00,70
51878437,Mar/27/2019 00:11,vjudge4,71B - Progress Bar,Python 3,Accepted,109 ms,0 KB,2019-03-27 00:11:00,71
14434771,Nov/24/2015 06:54,Eeyore,73B - Need For Brake,Python 3,Accepted,3804 ms,40400 KB,2015-11-24 06:54:00,73
5978035,Mar/10/2014 18:26,yugle7,74B - Train,Python 3,Accepted,124 ms,0 KB,2014-03-10 18:26:00,74
21197755,Oct/05/2016 01:48,Amores,75B - Facetook Priority Wall,Python 3,Accepted,154 ms,0 KB,2016-10-05 01:48:00,75
32082826,Nov/05/2017 22:51,yugle7,77B - Falling Anvils,Python 3,Accepted,374 ms,0 KB,2017-11-05 22:51:00,77
76964639,Apr/16/2020 14:38,SiZuKaaa,78B - Easter Eggs,Python 3,Accepted,218 ms,0 KB,2020-04-16 14:38:00,78
70630643,Feb/09/2020 17:10,mostafaelspagh,79B - Colorful Field,Python 3,Accepted,592 ms,300 KB,2020-02-09 17:10:00,79
6537418,May/03/2014 12:57,kumihimo,80B - Depression,Python 3,Accepted,124 ms,0 KB,2014-05-03 12:57:00,80
14581771,Dec/01/2015 12:28,Eeyore,81B - Sequence Formatting,Python 3,Accepted,154 ms,500 KB,2015-12-01 12:28:00,81
5043711,Nov/10/2013 20:35,yugle7,82B - Sets,Python 3,Accepted,186 ms,4800 KB,2013-11-10 20:35:00,82
4031200,Jul/06/2013 17:53,nab,84B - Magical Array,Python 3,Accepted,156 ms,7900 KB,2013-07-06 17:53:00,84
6710124,May/25/2014 16:58,yugle7,85B - Embassy Queue,Python 3,Accepted,530 ms,9200 KB,2014-05-25 16:58:00,85
6616390,May/14/2014 20:21,TsunamiNoLetGo#,88D - Vasya and Types,Python 3,Accepted,154 ms,100 KB,2014-05-14 20:21:00,87
52981350,Apr/18/2019 20:25,tuplyu,88B - Keyboard,Python 3,Accepted,498 ms,11300 KB,2019-04-18 20:25:00,88
37881385,May/04/2018 14:32,Khang,90B - African Crossword,Python 3,Accepted,280 ms,6900 KB,2018-05-04 14:32:00,90
6572341,May/08/2014 16:50,yugle7,91B - Queue,Python 3,Accepted,498 ms,15200 KB,2014-05-08 16:50:00,91
72780406,Mar/09/2020 14:07,cs1g,92B - Binary Number,Python 3,Accepted,124 ms,3100 KB,2020-03-09 14:07:00,92
27960683,Jun/22/2017 11:42,cr0n,93B - End of Exams,Python 3,Accepted,109 ms,6500 KB,2017-06-22 11:42:00,93
29606241,Aug/19/2017 21:38,Qumeric,94B - Friends,Python 3,Accepted,77 ms,0 KB,2017-08-19 21:38:00,94
54513314,May/23/2019 11:22,MajAK,96B - Lucky Numbers (easy),Python 3,Accepted,248 ms,0 KB,2019-05-23 11:22:00,96
15914794,Feb/09/2016 16:53,not_bot_but_POT,98B - Help King,Python 3,Accepted,372 ms,1500 KB,2016-02-09 16:53:00,98
15139587,Dec/31/2015 20:18,merolish,99B - Help Chef Gerasim,Python 3,Accepted,77 ms,300 KB,2015-12-31 20:18:00,99
40829760,Jul/27/2018 08:13,kazan320,102D - Buses,Python 3,Accepted,1996 ms,30300 KB,2018-07-27 08:13:00,101
63773371,Oct/30/2019 11:44,abhivick07,102B - Sum of Digits,Python 3,Accepted,248 ms,200 KB,2019-10-30 11:44:00,102
11953357,Jul/07/2015 00:38,merolish,103B - Cthulhu,Python 3,Accepted,122 ms,0 KB,2015-07-07 00:38:00,103
56017579,Jun/25/2019 01:50,sorry_im_smurfing,104B - Testing Pants for Sadness,Python 3,Accepted,218 ms,0 KB,2019-06-25 01:50:00,104
79417391,May/09/2020 00:31,coderemite,106B - Choosing Laptop,Python 3,Accepted,218 ms,6500 KB,2020-05-09 00:31:00,106
22995636,Dec/15/2016 05:14,pranet,107B - Basketball Team,Python 3,Accepted,77 ms,0 KB,2016-12-15 05:14:00,107
20980793,Sep/29/2016 02:39,Amores,108B - Datatypes,Python 3,Accepted,404 ms,8300 KB,2016-09-29 02:39:00,108
29240102,Aug/06/2017 14:37,Qumeric,110B - Lucky String,Python 3,Accepted,124 ms,4700 KB,2017-08-06 14:37:00,110
36509312,Mar/22/2018 19:24,Paixao,112B - Petya and Square,Python 3,Accepted,186 ms,6900 KB,2018-03-22 19:24:00,112
55932946,Jun/22/2019 15:25,MajAK,114B - PFAST Inc.,Python 3,Accepted,342 ms,400 KB,2019-06-22 15:25:00,114
6611849,May/14/2014 00:29,yugle7,115B - Lawnmower,Python 3,Accepted,77 ms,0 KB,2014-05-14 00:29:00,115
79660409,May/10/2020 17:07,coderemite,116B - Little Pigs and Wolves,Python 3,Accepted,248 ms,6800 KB,2020-05-10 17:07:00,116
30119897,Sep/06/2017 02:55,notsniwiast,118B - Present from Lena,Python 3,Accepted,122 ms,0 KB,2017-09-06 02:55:00,118
5480689,Dec/20/2013 16:32,yugle7,119B - Before Exam,Python 3,Accepted,124 ms,100 KB,2013-12-20 16:32:00,119
5024507,Nov/07/2013 21:26,yugle7,120B - Quiz League,Python 3,Accepted,124 ms,200 KB,2013-11-07 21:26:00,120
5378789,Dec/08/2013 01:41,yugle7,121B - Lucky Transformation,Python 3,Accepted,218 ms,500 KB,2013-12-08 01:41:00,121
79319317,May/07/2020 21:54,coderemite,122B - Lucky Substring,Python 3,Accepted,248 ms,6500 KB,2020-05-07 21:54:00,122
56162746,Jun/27/2019 16:01,platypus179#,124D - Squares,Python 3,Accepted,248 ms,0 KB,2019-06-27 16:01:00,123
5078860,Nov/12/2013 21:23,yugle7,124B - Permutations,Python 3,Accepted,498 ms,7300 KB,2013-11-12 21:23:00,124
72885425,Mar/10/2020 13:39,cs1g,125B - Simple XML,Python 3,Accepted,218 ms,0 KB,2020-03-10 13:39:00,125
52201971,Apr/01/2019 19:56,MaxKaz,126B - Password,Python 3,Accepted,1528 ms,34100 KB,2019-04-01 19:56:00,126
70978083,Feb/13/2020 18:08,cs1g,127B - Canvas Frames,Python 3,Accepted,140 ms,400 KB,2020-02-13 18:08:00,127
17833954,May/10/2016 18:37,LSLSLS,128B - String,Python 3,Accepted,1340 ms,16200 KB,2016-05-10 18:37:00,128
60933820,Sep/20/2019 17:36,zapdospops,129B - Students and Shoelaces,Python 3,Accepted,218 ms,300 KB,2019-09-20 17:36:00,129
20427239,Sep/07/2016 04:23,Amores,131B - Opposites Attract,Python 3,Accepted,342 ms,5300 KB,2016-09-07 04:23:00,131
9301146,Dec/29/2014 23:44,merolish,133B - Unary,Python 3,Accepted,156 ms,0 KB,2014-12-29 23:44:00,133
57089479,Jul/15/2019 13:11,BugsBunny,135B - Rectangle and Square,Python 3,Accepted,436 ms,0 KB,2019-07-15 13:11:00,135
51832724,Mar/25/2019 19:55,UTMoonlight,136B - Ternary Logic,Python 3,Accepted,218 ms,0 KB,2019-03-25 19:55:00,136
79267904,May/07/2020 15:19,coderemite,137B - Permutation,Python 3,Accepted,218 ms,7700 KB,2020-05-07 15:19:00,137
6993463,Jul/01/2014 22:22,ItsLastDay,139D - Digits Permutations,Python 3,Accepted,186 ms,1300 KB,2014-07-01 22:22:00,138
5403903,Dec/10/2013 18:21,yugle7,139B - Wallpaper,Python 3,Accepted,498 ms,0 KB,2013-12-10 18:21:00,139
40554666,Jul/19/2018 20:01,yugle7,140B - New Year Cards,Python 3,Accepted,404 ms,1000 KB,2018-07-19 20:01:00,140
40609249,Jul/21/2018 16:15,AmanGupta_,141B - Hopscotch,Python 3,Accepted,248 ms,0 KB,2018-07-21 16:15:00,141
29463148,Aug/14/2017 19:58,YazanRi,143D - Help General,Python 3,Accepted,124 ms,4500 KB,2017-08-14 19:58:00,142
14432523,Nov/23/2015 23:28,c_runner92,143B - Help Kingdom of Far Far Away 2,Python 3,Accepted,154 ms,500 KB,2015-11-23 23:28:00,143
4793414,Oct/15/2013 16:47,yugle7,144B - Meeting,Python 3,Accepted,342 ms,300 KB,2013-10-15 16:47:00,144
32103698,Nov/06/2017 21:55,yugle7,145B - Lucky Number 2,Python 3,Accepted,154 ms,5800 KB,2017-11-06 21:55:00,145
29810791,Aug/26/2017 19:32,Qumeric,146B - Lucky Mask,Python 3,Accepted,404 ms,0 KB,2017-08-26 19:32:00,146
21608168,Oct/20/2016 07:05,Amores,148B - Escape,Python 3,Accepted,124 ms,4500 KB,2016-10-20 07:05:00,148
14827298,Dec/15/2015 23:51,merolish,149B - Martian Clock,Python 3,Accepted,124 ms,0 KB,2015-12-15 23:51:00,149
5340821,Dec/03/2013 11:51,yugle7,150B - Quantity of Strings,Python 3,Accepted,124 ms,0 KB,2013-12-03 11:51:00,150
21134707,Oct/03/2016 14:02,orailly,151B - Phone Numbers,Python 3,Accepted,77 ms,0 KB,2016-10-03 14:02:00,151
4820061,Oct/18/2013 18:25,yugle7,152B - Steps,Python 3,Accepted,186 ms,300 KB,2013-10-18 18:25:00,152
6026391,Mar/16/2014 14:44,trunghieu11,154B - Colliders,Python 3,Accepted,1090 ms,19200 KB,2014-03-16 14:44:00,154
19508313,Jul/30/2016 06:53,Amores,155B - Combination,Python 3,Accepted,124 ms,0 KB,2016-07-30 06:53:00,155
6709906,May/25/2014 16:09,yugle7,156B - Suspects,Python 3,Accepted,592 ms,14900 KB,2014-05-25 16:09:00,156
34933121,Feb/05/2018 06:09,vjudge2,157B - Trace,Python 3,Accepted,124 ms,5500 KB,2018-02-05 06:09:00,157
30335623,Sep/14/2017 20:56,winstontsai,158B - Taxi,Python 3,Accepted,124 ms,600 KB,2017-09-14 20:56:00,158
5458709,Dec/18/2013 09:06,asmn,159B - Matchmaker,Python 3,Accepted,1778 ms,4500 KB,2013-12-18 09:06:00,159
20291492,Aug/31/2016 02:26,Amores,160B - Unlucky Ticket,Python 3,Accepted,154 ms,0 KB,2016-08-31 02:26:00,160
36518019,Mar/23/2018 03:57,vjudge4,161B - Discounts,Python 3,Accepted,186 ms,7300 KB,2018-03-23 03:57:00,161
72342049,Mar/03/2020 18:59,timothytqin,165B - Burning Midnight Oil,Python 3,Accepted,248 ms,0 KB,2020-03-03 18:59:00,165
57152092,Jul/16/2019 18:12,vjudge5,166B - Polygons,Python 3,Accepted,1932 ms,20800 KB,2019-07-16 18:12:00,166
40107863,Jul/09/2018 12:38,yugle7,168D - Wizards and Huge Prize,Python 3,Accepted,466 ms,400 KB,2018-07-09 12:38:00,167
54174211,May/15/2019 16:02,Mohamed_Ayman,168B - Wizards and Minimal Spell,Python 3,Accepted,528 ms,10900 KB,2019-05-15 16:02:00,168
21262653,Oct/07/2016 19:42,Amores,169B - Replacing Digits,Python 3,Accepted,374 ms,6300 KB,2016-10-07 19:42:00,169
42695869,Sep/09/2018 10:08,luogu_bot1,171B - Star,Python 3,Accepted,248 ms,0 KB,2018-09-09 10:08:00,171
21112737,Oct/02/2016 14:13,Amores,172B - Pseudorandom Sequence Period,Python 3,Accepted,248 ms,8400 KB,2016-10-02 14:13:00,172
6715569,May/26/2014 16:45,yugle7,173B - Chamber of Secrets,Python 3,Accepted,934 ms,5500 KB,2014-05-26 16:45:00,173
18255291,Jun/05/2016 13:22,ashk43712,174B - File List,Python 3,Accepted,780 ms,25700 KB,2016-06-05 13:22:00,174
21114647,Oct/02/2016 15:33,Amores,175B - Plane of Tanks: Pro,Python 3,Accepted,842 ms,400 KB,2016-10-02 15:33:00,175
68296974,Jan/06/2020 06:40,Guaty,176B - Word Cut,Python 3,Accepted,310 ms,300 KB,2020-01-06 06:40:00,176
54016248,May/12/2019 09:53,Mohamed_Ayman,180B - Divisibility Rules,Python 3,Accepted,218 ms,0 KB,2019-05-12 09:53:00,180
5480272,Dec/20/2013 14:41,yugle7,181B - Number of Triplets,Python 3,Accepted,1622 ms,200 KB,2013-12-20 14:41:00,181
19679878,Aug/07/2016 07:33,Amores,182B - Vasya's Calendar,Python 3,Accepted,124 ms,4800 KB,2016-08-07 07:33:00,182
31498667,Oct/19/2017 08:58,MrMorning,185B - Mushroom Scientists,Python 3,Accepted,124 ms,5400 KB,2017-10-19 08:58:00,185
72358957,Mar/03/2020 20:17,cs1g,186B - Growing Mushrooms,Python 3,Accepted,218 ms,500 KB,2020-03-03 20:17:00,186
59705840,Aug/30/2019 15:37,ashwin2000,189B - Counting Rhombi,Python 3,Accepted,248 ms,0 KB,2019-08-30 15:37:00,189
28263541,Jul/03/2017 22:30,YazanRi,190B - Surrounded,Python 3,Accepted,62 ms,5400 KB,2017-07-03 22:30:00,190
14410488,Nov/22/2015 10:59,merolish,192B - Walking in the Rain,Python 3,Accepted,124 ms,0 KB,2015-11-22 10:59:00,192
72909164,Mar/10/2020 19:59,cs1g,194B - Square,Python 3,Accepted,139 ms,800 KB,2020-03-10 19:59:00,194
72948860,Mar/11/2020 14:11,cs1g,195B - After Training,Python 3,Accepted,592 ms,3300 KB,2020-03-11 14:11:00,195
31164012,Oct/09/2017 13:05,eddy1021,197B - Limit,Python 3,Accepted,216 ms,0 KB,2017-10-09 13:05:00,197
71642730,Feb/23/2020 07:29,vjudge4,199B - Special Olympics,Python 3,Accepted,248 ms,300 KB,2020-02-23 07:29:00,199
5132480,Nov/17/2013 21:27,aminfadaee16,200B - Drinks,Python 3,Accepted,92 ms,0 KB,2013-11-17 21:27:00,200
54227212,May/16/2019 09:58,Mohamed_Ayman,202B - Brand New Easy Problem,Python 3,Accepted,248 ms,0 KB,2019-05-16 09:58:00,202
53173597,Apr/23/2019 04:15,newstein33,203B - Game on Paper,Python 3,Accepted,1778 ms,4400 KB,2019-04-23 04:15:00,203
5420708,Dec/13/2013 17:41,yugle7,204B - Little Elephant and Cards,Python 3,Accepted,1092 ms,15700 KB,2013-12-13 17:41:00,204
23511707,Jan/03/2017 10:31,AbcFly,205B - Little Elephant and Sorting,Python 3,Accepted,155 ms,13500 KB,2017-01-03 10:31:00,205
54372241,May/19/2019 10:07,Mohamed_Ayman,208B - Solitaire,Python 3,Accepted,109 ms,400 KB,2019-05-19 10:07:00,208
44942269,Oct/27/2018 11:25,LesPaul,209B - Pixels,Python 3,Accepted,248 ms,0 KB,2018-10-27 11:25:00,209
43938351,Oct/07/2018 13:09,karansiwach360,213B - Numbers,Python 3,Accepted,654 ms,0 KB,2018-10-07 13:09:00,213
54087676,May/14/2019 11:29,Mohamed_Ayman,214B - Hometask,Python 3,Accepted,560 ms,3000 KB,2019-05-14 11:29:00,214
72947384,Mar/11/2020 13:46,cs1g,215B - Olympic Medal,Python 3,Accepted,248 ms,900 KB,2020-03-11 13:46:00,215
32696670,Nov/27/2017 02:08,Islam_Atef,216B - Forming Teams,Python 3,Accepted,124 ms,5400 KB,2017-11-27 02:08:00,216
20313052,Sep/01/2016 02:40,Amores,218B - Airport,Python 3,Accepted,278 ms,200 KB,2016-09-01 02:40:00,218
55500785,Jun/12/2019 17:57,MajAK,219B - Special Offer! Super Price 999 Bourles!,Python 3,Accepted,218 ms,0 KB,2019-06-12 17:57:00,219
19642906,Aug/05/2016 06:40,Amores,221B - Little Elephant and Numbers,Python 3,Accepted,124 ms,4500 KB,2016-08-05 06:40:00,221
33921342,Jan/05/2018 15:10,diagon_alley,222B - Cosmic Tables,Python 3,Accepted,2994 ms,58200 KB,2018-01-05 15:10:00,222
69282929,Jan/22/2020 09:48,vegetablesandwich,224B - Array,Python 3,Accepted,342 ms,7500 KB,2020-01-22 09:48:00,224
16641612,Mar/11/2016 04:04,sicon54,225B - Well-known Numbers,Python 3,Accepted,124 ms,0 KB,2016-03-11 04:04:00,225
19643364,Aug/05/2016 07:23,Amores,227B - Effective Approach,Python 3,Accepted,404 ms,16900 KB,2016-08-05 07:23:00,227
4821660,Oct/18/2013 23:07,yugle7,228B - Two Tables,Python 3,Accepted,1434 ms,300 KB,2013-10-18 23:07:00,228
79078343,May/05/2020 20:05,vjudge5,229B - Planets,Python 3,Accepted,1996 ms,28100 KB,2020-05-05 20:05:00,229
65029980,Nov/15/2019 12:26,virajudaysingh,230B - T-primes,Python 3,Accepted,1684 ms,11600 KB,2019-11-15 12:26:00,230
69292318,Jan/22/2020 13:47,tushartyagi8750,"231B - Magic, Wizardry and Wonders",Python 3,Accepted,218 ms,0 KB,2020-01-22 13:47:00,231
77682091,Apr/22/2020 20:57,dubey233310,233B - Non-square Equation,Python 3,Accepted,218 ms,0 KB,2020-04-22 20:57:00,233
79406503,May/08/2020 21:30,coderemite,234B - Reading,Python 3,Accepted,218 ms,6800 KB,2020-05-08 21:30:00,234
42066490,Aug/24/2018 23:00,DESmart18,235B - Let's Play Osu!,Python 3,Accepted,404 ms,8200 KB,2018-08-24 23:00:00,235
14691944,Dec/08/2015 00:37,merolish,237B - Young Table,Python 3,Accepted,156 ms,400 KB,2015-12-08 00:37:00,237
11996737,Jul/10/2015 14:15,Vladik,238B - Boring Partition,Python 3,Accepted,934 ms,8300 KB,2015-07-10 14:15:00,238
54437876,May/21/2019 09:56,Mohamed_Ayman,239B - Easy Tape Programming,Python 3,Accepted,218 ms,0 KB,2019-05-21 09:56:00,239
79609126,May/10/2020 05:11,coderemite,242B - Big Segment,Python 3,Accepted,872 ms,23900 KB,2020-05-10 05:11:00,242
59782143,Aug/31/2019 06:50,ashwin2000,244B - Undoubtedly Lucky Numbers,Python 3,Accepted,1558 ms,0 KB,2019-08-31 06:50:00,244
13603007,Oct/14/2015 10:16,Amores,245B - Internet Address,Python 3,Accepted,122 ms,0 KB,2015-10-14 10:16:00,245
21982420,Nov/02/2016 08:18,Amores,246B - Increase and Decrease,Python 3,Accepted,154 ms,2500 KB,2016-11-02 08:18:00,246
5198465,Nov/23/2013 17:59,yugle7,250B - Restoring IPv6,Python 3,Accepted,124 ms,0 KB,2013-11-23 17:59:00,247
44658815,Oct/21/2018 17:13,Diana567,248B - Chilly Willy,Python 3,Accepted,1528 ms,300 KB,2018-10-21 17:13:00,248
5198465,Nov/23/2013 17:59,yugle7,250B - Restoring IPv6,Python 3,Accepted,124 ms,0 KB,2013-11-23 17:59:00,250
6421414,Apr/20/2014 01:35,TsunamiNoLetGo#,252D - Playing with Permutations,Python 3,Accepted,560 ms,2600 KB,2014-04-20 01:35:00,251
8531076,Nov/03/2014 07:52,Eeyore,252B - Unsorting Array,Python 3,Accepted,374 ms,8300 KB,2014-11-03 07:52:00,252
4067268,Jul/14/2013 10:13,hl_joker,253B - Physics Practical,Python 3,Accepted,406 ms,7500 KB,2013-07-14 10:13:00,253
55855602,Jun/21/2019 09:49,MajAK,254B - Jury Size,Python 3,Accepted,248 ms,0 KB,2019-06-21 09:49:00,254
70580499,Feb/08/2020 20:03,cs1g,255B - Code Parsing,Python 3,Accepted,248 ms,4100 KB,2020-02-08 20:03:00,255
75521850,Apr/05/2020 00:31,zapdospops,257B - Playing Cubes,Python 3,Accepted,218 ms,0 KB,2020-04-05 00:31:00,257
69697249,Jan/29/2020 00:10,cs1g,259B - Little Elephant and Magic Square,Python 3,Accepted,218 ms,0 KB,2020-01-29 00:10:00,259
79073191,May/05/2020 18:56,h111801015,260B - Ancient Prophesy,Python 3,Accepted,171 ms,1600 KB,2020-05-05 18:56:00,260
49055825,Jan/27/2019 16:15,ashok123,262B - Roma and Changing Signs,Python 3,Accepted,404 ms,7200 KB,2019-01-27 16:15:00,262
78825988,May/02/2020 17:44,coderemite,263B - Squares,Python 3,Accepted,216 ms,0 KB,2020-05-02 17:44:00,263
53170980,Apr/23/2019 00:31,vjudge1,264B - Good Sequences,Python 3,Accepted,686 ms,14000 KB,2019-04-23 00:31:00,264
77900575,Apr/24/2020 13:00,both_stars,265B - Roadside Trees (Simplified Edition),Python 3,Accepted,498 ms,200 KB,2020-04-24 13:00:00,265
54170924,May/15/2019 13:59,vjudge5,266B - Queue at the School,Python 3,Accepted,218 ms,0 KB,2019-05-15 13:59:00,266
36358031,Mar/17/2018 18:23,saran7188,268B - Buttons,Python 3,Accepted,156 ms,6900 KB,2018-03-17 18:23:00,268
50344808,Feb/23/2019 08:42,startsimple,269B - Greenhouse Effect,Python 3,Accepted,778 ms,700 KB,2019-02-23 08:42:00,269
58967980,Aug/17/2019 21:45,abhirock753,270B - Multithreading,Python 3,Accepted,310 ms,7200 KB,2019-08-17 21:45:00,270
4132505,Jul/22/2013 08:23,stevenkplus,271B - Prime Matrix,Python 3,Accepted,484 ms,7400 KB,2013-07-22 08:23:00,271
17011854,Mar/29/2016 02:34,Asad_Alwadi,272B - Dima and Sequence,Python 3,Accepted,530 ms,11200 KB,2016-03-29 02:34:00,272
32560674,Nov/22/2017 22:56,yugle7,272D - Dima and Two Sequences,Python 3,Accepted,998 ms,19600 KB,2017-11-22 22:56:00,273
36524925,Mar/23/2018 11:35,vjudge3,275B - Convex Shape,Python 3,Accepted,1902 ms,7200 KB,2018-03-23 11:35:00,275
3851651,Jun/09/2013 21:52,nab,276B - Little Girl and Game,Python 3,Accepted,78 ms,0 KB,2013-06-09 21:52:00,276
16330773,Feb/25/2016 16:10,Cuellius,277B - Set of Points,Python 3,Accepted,122 ms,0 KB,2016-02-25 16:10:00,277
21132271,Oct/03/2016 12:04,Amores,278B - New Problem,Python 3,Accepted,124 ms,0 KB,2016-10-03 12:04:00,278
44933204,Oct/27/2018 06:26,vjudge4,279B - Books,Python 3,Accepted,372 ms,7200 KB,2018-10-27 06:26:00,279
46202264,Nov/25/2018 15:11,catch_up,281D - Maximum Xor Secondary,Python 3,Accepted,264 ms,8100 KB,2018-11-25 15:11:00,280
46960639,Dec/13/2018 10:53,vjudge2,281B - Nearest Fraction,Python 3,Accepted,342 ms,1100 KB,2018-12-13 10:53:00,281
47026332,Dec/15/2018 10:08,Silky_Littleraisin,282B - Painting Eggs,Python 3,Accepted,3182 ms,1900 KB,2018-12-15 10:08:00,282
7190371,Jul/21/2014 07:10,AbdoA2,284B - Cows and Poker Game,Python 3,Accepted,124 ms,400 KB,2014-07-21 07:10:00,284
54536165,May/23/2019 23:20,vjudge2,285B - Find Marble,Python 3,Accepted,310 ms,7200 KB,2019-05-23 23:20:00,285
79755503,May/11/2020 17:36,zapdospops,287B - Pipeline,Python 3,Accepted,108 ms,6500 KB,2020-05-11 17:36:00,287
4031274,Jul/06/2013 18:18,nab,288B - Polo the Penguin and Houses,Python 3,Accepted,78 ms,100 KB,2013-07-06 18:18:00,288
54972055,Jun/02/2019 12:01,MajAK,289B - Polo the Penguin and Matrix,Python 3,Accepted,248 ms,400 KB,2019-06-02 12:01:00,289
5486342,Dec/21/2013 14:30,yugle7,290B - QR code,Python 3,Accepted,124 ms,100 KB,2013-12-21 14:30:00,290
52563264,Apr/10/2019 14:27,jaaguptamme,291B - Command Line Arguments,Python 3,Accepted,421 ms,1800 KB,2019-04-10 14:27:00,291
15962619,Feb/11/2016 22:08,ashk43712,292B - Network Topology,Python 3,Accepted,686 ms,400 KB,2016-02-11 22:08:00,292
54229588,May/16/2019 11:10,Mohamed_Ayman,294B - Shaass and Bookshelf,Python 3,Accepted,467 ms,1400 KB,2019-05-16 11:10:00,294
53899830,May/09/2019 11:28,Mohamed_Ayman,296B - Yaroslav and Two Strings,Python 3,Accepted,560 ms,600 KB,2019-05-09 11:28:00,296
3667598,May/04/2013 12:54,neko13,297B - Fish Weight,Python 3,Accepted,390 ms,12400 KB,2013-05-04 12:54:00,297
48294042,Jan/12/2019 16:51,The_Pacific_Ocean,298B - Sail,Python 3,Accepted,342 ms,300 KB,2019-01-12 16:51:00,298
79206246,May/06/2020 23:05,coderemite,299B - Ksusha the Squirrel,Python 3,Accepted,218 ms,7700 KB,2020-05-06 23:05:00,299
54689066,May/26/2019 20:08,MajAK,300B - Coach,Python 3,Accepted,248 ms,400 KB,2019-05-26 20:08:00,300
33581576,Dec/24/2017 04:16,yugle7,301B - Yaroslav and Time,Python 3,Accepted,1278 ms,6000 KB,2017-12-24 04:16:00,301
20992032,Sep/29/2016 15:40,metowolf,302B - Eugeny and Play List,Python 3,Accepted,1684 ms,9500 KB,2016-09-29 15:40:00,302
3732248,May/18/2013 10:16,asdsteven2,303B - Rectangle Puzzle II,Python 3,Accepted,171 ms,5100 KB,2013-05-18 10:16:00,303
3713240,May/12/2013 20:30,dr.ikros,304B - Calendar,Python 3,Accepted,125 ms,2200 KB,2013-05-12 20:30:00,304
22026723,Nov/04/2016 07:32,Amores,305B - Continued Fractions,Python 3,Accepted,186 ms,1200 KB,2016-11-04 07:32:00,305
74031915,Mar/23/2020 14:16,lochan99melam,312B - Archer,Python 3,Accepted,124 ms,0 KB,2020-03-23 14:16:00,312
75268935,Apr/02/2020 20:05,thukrake_mera_pyaar,313B - Ilya and Queries,Python 3,Accepted,1996 ms,3000 KB,2020-04-02 20:05:00,313
71907601,Feb/26/2020 13:37,cs1g,315B - Sereja and Array,Python 3,Accepted,467 ms,9100 KB,2020-02-26 13:37:00,315
3904632,Jun/16/2013 13:43,nab,318B - Strings of Power,Python 3,Accepted,250 ms,6200 KB,2013-06-16 13:43:00,318
3951873,Jun/23/2013 21:23,Toxic,320D - Psychos in a Line,Python 3,Accepted,406 ms,7800 KB,2013-06-23 21:23:00,319
24884644,Feb/22/2017 07:12,New_God,320B - Ping-Pong (Easy Version),Python 3,Accepted,156 ms,4500 KB,2017-02-22 07:12:00,320
33102205,Dec/11/2017 15:57,yugle7,321B - Ciel and Duel,Python 3,Accepted,124 ms,5500 KB,2017-12-11 15:57:00,321
26252704,Apr/10/2017 15:23,pimukthee,322B - Ciel and Flowers,Python 3,Accepted,154 ms,5400 KB,2017-04-10 15:23:00,322
15915114,Feb/09/2016 17:00,not_bot_but_POT,325B - Stadium and Games,Python 3,Accepted,124 ms,0 KB,2016-02-09 17:00:00,325
21821806,Oct/27/2016 15:46,Mr.Hitch,327B - Hungry Sequence,Python 3,Accepted,748 ms,300 KB,2016-10-27 15:46:00,327
4059669,Jul/13/2013 16:46,alex_world,328B - Sheldon and Ice Pieces,Python 3,Accepted,93 ms,100 KB,2013-07-13 16:46:00,328
79384010,May/08/2020 16:53,stars_in_the_sky,330B - Road Construction,Python 3,Accepted,248 ms,6800 KB,2020-05-08 16:53:00,330
54655014,May/26/2019 10:48,MajAK,332B - Maximum Absurdity,Python 3,Accepted,1060 ms,18200 KB,2019-05-26 10:48:00,332
15915122,Feb/09/2016 17:00,not_bot_but_POT,333B - Chips,Python 3,Accepted,654 ms,100 KB,2016-02-09 17:00:00,333
20427188,Sep/07/2016 04:15,Amores,334B - Eight Point Sets,Python 3,Accepted,154 ms,100 KB,2016-09-07 04:15:00,334
15915127,Feb/09/2016 17:00,not_bot_but_POT,336B - Vasily the Bear and Fly,Python 3,Accepted,122 ms,0 KB,2016-02-09 17:00:00,336
73822472,Mar/20/2020 21:26,pratiikgoogler,337B - Routine Problem,Python 3,Accepted,218 ms,0 KB,2020-03-20 21:26:00,337
52249441,Apr/03/2019 00:51,sofigenr,339B - Xenia and Ringroad,Python 3,Accepted,310 ms,5800 KB,2019-04-03 00:51:00,339
77951125,Apr/24/2020 22:30,dubey07,340D - Bubble Sort Graph,Python 3,Accepted,434 ms,6700 KB,2020-04-24 22:30:00,341
29596506,Aug/19/2017 14:15,Qumeric,342B - Xenia and Spies,Python 3,Accepted,467 ms,1000 KB,2017-08-19 14:15:00,342
5189949,Nov/22/2013 11:53,yugle7,343B - Alternating Current,Python 3,Accepted,186 ms,400 KB,2013-11-22 11:53:00,343
33974655,Jan/07/2018 04:05,YazanRi,344B - Simple Molecules,Python 3,Accepted,216 ms,5500 KB,2018-01-07 04:05:00,344
31993299,Nov/03/2017 00:28,yugle7,346B - Lucky Common Subsequence,Python 3,Accepted,186 ms,200 KB,2017-11-03 00:28:00,346
5549894,Dec/29/2013 16:01,aminfadaee16,347B - Fixed Points,Python 3,Accepted,248 ms,7600 KB,2013-12-29 16:01:00,347
55121115,Jun/05/2019 13:47,MajAK,349B - Color the Fence,Python 3,Accepted,248 ms,6400 KB,2019-06-05 13:47:00,349
4839551,Oct/21/2013 23:31,yugle7,350B - Resort,Python 3,Accepted,468 ms,9300 KB,2013-10-21 23:31:00,350
5475355,Dec/19/2013 17:27,yugle7,351B - Jeff and Furik,Python 3,Accepted,124 ms,100 KB,2013-12-19 17:27:00,351
75760943,Apr/07/2020 18:33,misravaibhav752,352B - Jeff and Periods,Python 3,Accepted,966 ms,15200 KB,2020-04-07 18:33:00,352
5176648,Nov/20/2013 16:58,yugle7,353B - Two Heaps,Python 3,Accepted,92 ms,200 KB,2013-11-20 16:58:00,353
72568520,Mar/06/2020 14:20,cs1g,355B - Vasya and Public Transport,Python 3,Accepted,109 ms,0 KB,2020-03-06 14:20:00,355
39050519,Jun/08/2018 19:06,vjudge1,357B - Flag Day,Python 3,Accepted,358 ms,5100 KB,2018-06-08 19:06:00,357
6541539,May/04/2014 00:38,m1_k3,358B - Dima and Text Messages,Python 3,Accepted,218 ms,900 KB,2014-05-04 00:38:00,358
53811537,May/06/2019 10:09,ashok123,359B - Permutation,Python 3,Accepted,249 ms,3500 KB,2019-05-06 10:09:00,359
75213210,Apr/02/2020 10:41,swarnimashishodia,361B - Levko and Permutation,Python 3,Accepted,218 ms,3000 KB,2020-04-02 10:41:00,361
79681758,May/10/2020 21:30,coderemite,362B - Petya and Staircases,Python 3,Accepted,109 ms,6800 KB,2020-05-10 21:30:00,362
75249424,Apr/02/2020 17:09,thukrake_mera_pyaar,363B - Fence,Python 3,Accepted,202 ms,8600 KB,2020-04-02 17:09:00,363
79681793,May/10/2020 21:30,anjit_6294,365B - The Fibonacci Segment,Python 3,Accepted,217 ms,15000 KB,2020-05-10 21:30:00,365
51815463,Mar/25/2019 11:53,nomiku99,366B - Dima and To-do List,Python 3,Accepted,155 ms,6500 KB,2019-03-25 11:53:00,366
5995052,Mar/11/2014 14:50,yugle7,367B - Sereja ans Anagrams,Python 3,Accepted,452 ms,27100 KB,2014-03-11 14:50:00,367
49201678,Jan/30/2019 15:38,HakuButsu,368B - Sereja and Suffixes,Python 3,Accepted,998 ms,9000 KB,2019-01-30 15:38:00,368
33406383,Dec/19/2017 14:38,ytz123,369B - Valera and Contest,Python 3,Accepted,62 ms,6200 KB,2017-12-19 14:38:00,369
29606044,Aug/19/2017 21:25,Qumeric,370B - Berland Bingo,Python 3,Accepted,61 ms,400 KB,2017-08-19 21:25:00,370
7015778,Jul/05/2014 15:38,Shiz0,371B - Fox Dividing Cheese,Python 3,Accepted,62 ms,0 KB,2014-07-05 15:38:00,371
36674142,Mar/27/2018 19:37,Qumeric,373B - Making Sequences is Fun,Python 3,Accepted,93 ms,7200 KB,2018-03-27 19:37:00,373
26204294,Apr/08/2017 00:06,YazanRi,374B - Inna and Nine,Python 3,Accepted,171 ms,5500 KB,2017-04-08 00:06:00,374
6543484,May/04/2014 13:39,m1_k3,376B - I.O.U.,Python 3,Accepted,77 ms,0 KB,2014-05-04 13:39:00,376
6541639,May/04/2014 01:27,m1_k3,378B - Semifinals,Python 3,Accepted,545 ms,33000 KB,2014-05-04 01:27:00,378
40576589,Jul/20/2018 14:39,Elvis25,379B - New Year Present,Python 3,Accepted,109 ms,800 KB,2018-07-20 14:39:00,379
69855999,Jan/30/2020 19:58,cs1g,381B - Sereja and Stairs,Python 3,Accepted,171 ms,7400 KB,2020-01-30 19:58:00,381
53908869,May/09/2019 17:22,Mohamed_Ayman,382B - Number Busters,Python 3,Accepted,124 ms,0 KB,2019-05-09 17:22:00,382
6014082,Mar/14/2014 13:35,yugle7,383B - Volcanoes,Python 3,Accepted,858 ms,26100 KB,2014-03-14 13:35:00,383
29594935,Aug/19/2017 12:56,Qumeric,384B - Multitasking,Python 3,Accepted,78 ms,500 KB,2017-08-19 12:56:00,384
20738639,Sep/18/2016 18:34,Amores,385B - Bear and Strings,Python 3,Accepted,77 ms,0 KB,2016-09-18 18:34:00,385
7257293,Jul/27/2014 16:42,learningmou,"386B - Fly, freebies, fly!",Python 3,Accepted,62 ms,0 KB,2014-07-27 16:42:00,386
15915206,Feb/09/2016 17:02,not_bot_but_POT,387B - George and Round,Python 3,Accepted,77 ms,600 KB,2016-02-09 17:02:00,387
5898090,Feb/04/2014 22:59,choice,389D - Fox and Minimal path,Python 3,Accepted,77 ms,500 KB,2014-02-04 22:59:00,388
10418489,Mar/24/2015 04:29,Greenwicher,389B - Fox and Cross,Python 3,Accepted,62 ms,400 KB,2015-03-24 04:29:00,389
15915213,Feb/09/2016 17:02,not_bot_but_POT,"390B - Inna, Dima and Song",Python 3,Accepted,156 ms,9600 KB,2016-02-09 17:02:00,390
15915214,Feb/09/2016 17:02,not_bot_but_POT,391B - Word Folding,Python 3,Accepted,62 ms,0 KB,2016-02-09 17:02:00,391
55963314,Jun/23/2019 13:41,MajAK,393B - Three matrices,Python 3,Accepted,233 ms,2400 KB,2019-06-23 13:41:00,393
15915219,Feb/09/2016 17:02,not_bot_but_POT,394B - Very Beautiful Number,Python 3,Accepted,62 ms,1900 KB,2016-02-09 17:02:00,394
7662368,Sep/01/2014 20:21,WARenie,396B - On Sum of Fractions,Python 3,Accepted,1465 ms,300 KB,2014-09-01 20:21:00,396
63120826,Oct/22/2019 14:10,Ajay_Modi,397B - On Corruption and Numbers,Python 3,Accepted,108 ms,200 KB,2019-10-22 14:10:00,397
51802098,Mar/24/2019 21:39,feast,399B - Red and Blue Balls,Python 3,Accepted,124 ms,0 KB,2019-03-24 21:39:00,399
6541462,May/04/2014 00:11,m1_k3,400B - Inna and New Matrix of Candies,Python 3,Accepted,62 ms,300 KB,2014-05-04 00:11:00,400
72503101,Mar/05/2020 13:25,cs1g,401B - Sereja and Contests,Python 3,Accepted,109 ms,300 KB,2020-03-05 13:25:00,401
6051959,Mar/17/2014 08:04,hza,402B - Trees in a Row,Python 3,Accepted,607 ms,0 KB,2014-03-17 08:04:00,402
6142150,Mar/26/2014 05:09,hza#,404B - Marathon,Python 3,Accepted,998 ms,300 KB,2014-03-26 05:09:00,404
6139903,Mar/25/2014 18:59,fredy10,405B - Domino Effect,Python 3,Accepted,62 ms,0 KB,2014-03-25 18:59:00,405
32534066,Nov/21/2017 22:11,nowyyz,407B - Long Path,Python 3,Accepted,62 ms,0 KB,2017-11-21 22:11:00,407
75201062,Apr/02/2020 08:11,ranjithm2001,408B - Garland,Python 3,Accepted,109 ms,0 KB,2020-04-02 08:11:00,408
14903470,Dec/20/2015 21:41,merolish,411B - Multi-core Processor,Python 3,Accepted,62 ms,600 KB,2015-12-20 21:41:00,411
20480292,Sep/09/2016 17:33,Amores,412B - Network Configuration,Python 3,Accepted,62 ms,0 KB,2016-09-09 17:33:00,412
6730046,May/28/2014 22:11,m1_k3,413B - Spyke Chatting,Python 3,Accepted,904 ms,3300 KB,2014-05-28 22:11:00,413
46037182,Nov/21/2018 20:05,Silky_Littleraisin,414B - Mashmokh and ACM,Python 3,Accepted,499 ms,0 KB,2018-11-21 20:05:00,414
6638727,May/16/2014 23:17,m1_k3,415B - Mashmokh and Tokens,Python 3,Accepted,421 ms,7700 KB,2014-05-16 23:17:00,415
61739617,Oct/02/2019 22:36,abhivick07,416B - Art Union,Python 3,Accepted,842 ms,0 KB,2019-10-02 22:36:00,416
14849419,Dec/17/2015 20:42,merolish,417B - Crash,Python 3,Accepted,358 ms,400 KB,2015-12-17 20:42:00,417
6515549,May/01/2014 14:40,Dixtosa,421B - Start Up,Python 3,Accepted,62 ms,1100 KB,2014-05-01 14:40:00,421
6640652,May/17/2014 11:13,m1_k3,424B - Megacity,Python 3,Accepted,78 ms,0 KB,2014-05-17 11:13:00,424
6519619,May/02/2014 05:25,choice,425B - Sereja and Table,Python 3,Accepted,78 ms,300 KB,2014-05-02 05:25:00,425
30815882,Sep/28/2017 23:53,_HossamYehia_,426B - Sereja and Mirroring,Python 3,Accepted,62 ms,0 KB,2017-09-28 23:53:00,426
8044988,Oct/01/2014 13:21,Qumeric,427B - Prison Transfer,Python 3,Accepted,187 ms,13300 KB,2014-10-01 13:21:00,427
6621206,May/15/2014 17:45,yugle7,430B - Balls Game,Python 3,Accepted,62 ms,0 KB,2014-05-15 17:45:00,430
78642025,May/01/2020 12:59,anjit_6294,431B - Shower Line,Python 3,Accepted,109 ms,300 KB,2020-05-01 12:59:00,431
45539359,Nov/10/2018 21:33,urishabh,432B - Football Kit,Python 3,Accepted,732 ms,2500 KB,2018-11-10 21:33:00,432
61308370,Sep/26/2019 11:17,Namannimmo,433B - Kuriyama Mirai's Stones,Python 3,Accepted,1232 ms,10100 KB,2019-09-26 11:17:00,433
24437500,Feb/04/2017 20:16,YazanRi,435B - Pasha Maximizes,Python 3,Accepted,62 ms,4500 KB,2017-02-04 20:16:00,435
65571679,Nov/23/2019 11:04,HOI-Admin,436B - Om Nom and Spiders,Python 3,Accepted,2027 ms,1100 KB,2019-11-23 11:04:00,436
67456344,Dec/23/2019 10:04,abhivick07,437B - The Child and Set,Python 3,Accepted,124 ms,700 KB,2019-12-23 10:04:00,437
6861422,Jun/11/2014 01:10,yugle7,437D - The Child and Zoo,Python 3,Accepted,842 ms,23000 KB,2014-06-11 01:10:00,438
34715173,Jan/30/2018 19:17,MaxHo,"439B - Devu, the Dumb Guy",Python 3,Accepted,171 ms,12700 KB,2018-01-30 19:17:00,439
6791955,Jun/03/2014 23:56,m1_k3,440B - Balancer,Python 3,Accepted,202 ms,4200 KB,2014-06-03 23:56:00,440
54512923,May/23/2019 11:08,MajAK,441B - Valera and Fruits,Python 3,Accepted,124 ms,100 KB,2019-05-23 11:08:00,441
56027185,Jun/25/2019 10:32,toysheeyeyraku,442B - Andrey and Problem,Python 3,Accepted,109 ms,0 KB,2019-06-25 10:32:00,442
15915289,Feb/09/2016 17:03,not_bot_but_POT,443B - Kolya and Tandem Repeat,Python 3,Accepted,61 ms,0 KB,2016-02-09 17:03:00,443
53842629,May/07/2019 11:35,Mohamed_Ayman,445B - DZY Loves Chemistry,Python 3,Accepted,109 ms,0 KB,2019-05-07 11:35:00,445
58809336,Aug/14/2019 13:09,Ajay_Modi,447B - DZY Loves Strings,Python 3,Accepted,124 ms,0 KB,2019-08-14 13:09:00,447
36419674,Mar/19/2018 22:47,Wayo9175,448B - Suffix Structures,Python 3,Accepted,93 ms,6900 KB,2018-03-19 22:47:00,448
42496669,Sep/05/2018 17:47,ashwanitr001,450B - Jzzhu and Sequences,Python 3,Accepted,124 ms,300 KB,2018-09-05 17:47:00,450
77382635,Apr/20/2020 19:14,h111801015,451B - Sort the Array,Python 3,Accepted,171 ms,8300 KB,2020-04-20 19:14:00,451
22277612,Nov/17/2016 00:23,Amores,452B - 4-point polyline,Python 3,Accepted,935 ms,0 KB,2016-11-17 00:23:00,452
54156202,May/15/2019 07:15,manuelflr,454B - Little Pony and Sort by Shift,Python 3,Accepted,171 ms,7600 KB,2019-05-15 07:15:00,454
34702875,Jan/30/2018 11:42,MaxHo,456B - Fedya and Maths,Python 3,Accepted,312 ms,5700 KB,2018-01-30 11:42:00,456
7416634,Aug/10/2014 21:42,* xfce8888,458B - Distributed Join,Python 3,Accepted,389 ms,12400 KB,2014-08-10 21:42:00,457
7416634,Aug/10/2014 21:42,* xfce8888,458B - Distributed Join,Python 3,Accepted,389 ms,12400 KB,2014-08-10 21:42:00,458
22126781,Nov/09/2016 12:27,borbor,459B - Pashmak and Flowers,Python 3,Accepted,155 ms,18200 KB,2016-11-09 12:27:00,459
49102910,Jan/28/2019 15:01,spaesk,460B - Little Dima and Equation,Python 3,Accepted,109 ms,0 KB,2019-01-28 15:01:00,460
7589394,Aug/26/2014 18:53,jasperH,461B - Appleman and Tree,Python 3,Accepted,343 ms,14300 KB,2014-08-26 18:53:00,461
15915317,Feb/09/2016 17:04,not_bot_but_POT,462B - Appleman and Card Game,Python 3,Accepted,93 ms,200 KB,2016-02-09 17:04:00,462
59533765,Aug/26/2019 19:04,Dariush_M,463B - Caisa and Pylons,Python 3,Accepted,140 ms,6000 KB,2019-08-26 19:04:00,463
32079528,Nov/05/2017 18:29,yugle7,465D - Restore Cube,Python 3,Accepted,109 ms,0 KB,2017-11-05 18:29:00,464
7730218,Sep/09/2014 21:41,sergey.zamyslov,465B - Inbox (100500),Python 3,Accepted,62 ms,0 KB,2014-09-09 21:41:00,465
55566557,Jun/14/2019 18:45,Parag_AP,466B - Wonder Room,Python 3,Accepted,124 ms,0 KB,2019-06-14 18:45:00,466
76313544,Apr/12/2020 12:57,h111801015,467B - Fedor and New Game,Python 3,Accepted,109 ms,0 KB,2020-04-12 12:57:00,467
41736830,Aug/18/2018 05:56,vjudge1,468B - Two Sets,Python 3,Accepted,998 ms,11300 KB,2018-08-18 05:56:00,468
70154311,Feb/03/2020 16:41,yashashwi90,469B - Chat Online,Python 3,Accepted,124 ms,300 KB,2020-02-03 16:41:00,469
7980279,Sep/27/2014 10:07,yugle7,471B - MUH and Important Things,Python 3,Accepted,77 ms,400 KB,2014-09-27 10:07:00,471
15915329,Feb/09/2016 17:04,not_bot_but_POT,472B - Design Tutorial: Learn from Life,Python 3,Accepted,61 ms,300 KB,2016-02-09 17:04:00,472
47188296,Dec/18/2018 09:38,vjudge3,474B - Worms,Python 3,Accepted,451 ms,12300 KB,2018-12-18 09:38:00,474
52159290,Apr/01/2019 17:35,franciellajoan,475B - Strongly Connected City,Python 3,Accepted,109 ms,0 KB,2019-04-01 17:35:00,475
15915336,Feb/09/2016 17:04,not_bot_but_POT,476B - Dreamoon and WiFi,Python 3,Accepted,62 ms,0 KB,2016-02-09 17:04:00,476
13514035,Oct/09/2015 19:55,Hestia,476D - Dreamoon and Sets,Python 3,Accepted,140 ms,100 KB,2015-10-09 19:55:00,477
73364695,Mar/15/2020 22:40,GTrigger,478B - Random Teams,Python 3,Accepted,108 ms,300 KB,2020-03-15 22:40:00,478
53673767,May/02/2019 17:35,Mohamed_Ayman,479B - Towers,Python 3,Accepted,109 ms,500 KB,2019-05-02 17:35:00,479
9397217,Jan/10/2015 15:12,yugle7,479D - Long Jumps,Python 3,Accepted,171 ms,10600 KB,2015-01-10 15:12:00,480
29759184,Aug/24/2017 22:01,Qumeric,483B - Friends and Presents,Python 3,Accepted,77 ms,0 KB,2017-08-24 22:01:00,483
31187615,Oct/10/2017 14:10,yugle7,484B - Maximum Value,Python 3,Accepted,498 ms,17700 KB,2017-10-10 14:10:00,484
29203148,Aug/04/2017 22:47,Qumeric,485B - Valuable Resources,Python 3,Accepted,62 ms,4900 KB,2017-08-04 22:47:00,485
32856788,Dec/02/2017 14:49,Yash_,486B - OR in Matrix,Python 3,Accepted,77 ms,5500 KB,2017-12-02 14:49:00,486
32555858,Nov/22/2017 18:56,yugle7,488B - Candy Boxes,Python 3,Accepted,124 ms,0 KB,2017-11-22 18:56:00,488
19739966,Aug/09/2016 06:59,Amores,489B - BerSU Ball,Python 3,Accepted,62 ms,4500 KB,2016-08-09 06:59:00,489
8827841,Nov/23/2014 21:24,tomlau,490B - Queue,Python 3,Accepted,1294 ms,23200 KB,2014-11-23 21:24:00,490
9302416,Dec/30/2014 06:37,manhhomienbienthuy,491B - New York Hotel,Python 3,Accepted,888 ms,300 KB,2014-12-30 06:37:00,491
52250060,Apr/03/2019 01:35,sofigenr,492B - Vanya and Lanterns,Python 3,Accepted,109 ms,300 KB,2019-04-03 01:35:00,492
19050113,Jul/12/2016 14:54,Yash_,493B - Vasya and Wrestling,Python 3,Accepted,404 ms,8300 KB,2016-07-12 14:54:00,493
45987098,Nov/20/2018 10:25,noelcowm,494B - Obsessive String,Python 3,Accepted,483 ms,2900 KB,2018-11-20 10:25:00,494
51600339,Mar/21/2019 06:05,vjudge5,495B - Modular Equations,Python 3,Accepted,109 ms,0 KB,2019-03-21 06:05:00,495
9201002,Dec/19/2014 22:48,teleport,496B - Secret Combination,Python 3,Accepted,233 ms,5500 KB,2014-12-19 22:48:00,496
29857042,Aug/29/2017 05:45,lawrence.long,496D - Tennis Game,Python 3,Accepted,1497 ms,10600 KB,2017-08-29 05:45:00,497
72869464,Mar/10/2020 08:33,harshav_b,499B - Lecture,Python 3,Accepted,124 ms,700 KB,2020-03-10 08:33:00,499
30483122,Sep/18/2017 22:25,yugle7,500B - New Year Permutation,Python 3,Accepted,78 ms,4800 KB,2017-09-18 22:25:00,500
9471217,Jan/19/2015 08:09,jackowitzd2,501B - Misha and Changing Handles,Python 3,Accepted,109 ms,400 KB,2015-01-19 08:09:00,501
30551138,Sep/20/2017 18:50,yugle7,505B - Mr. Kitayuta's Colorful Graph,Python 3,Accepted,62 ms,100 KB,2017-09-20 18:50:00,505
20522061,Sep/11/2016 09:59,orailly,505D - Mr. Kitayuta's Technology,Python 3,Accepted,624 ms,12100 KB,2016-09-11 09:59:00,506
54256718,May/16/2019 23:31,vjudge3,507B - Amr and Pins,Python 3,Accepted,109 ms,0 KB,2019-05-16 23:31:00,507
9596677,Jan/28/2015 06:26,jackowitzd2,508B - Anton and currency you all know,Python 3,Accepted,171 ms,700 KB,2015-01-28 06:26:00,508
63629394,Oct/28/2019 08:41,Prateek_Aggarwal,509B - Painting Pebbles,Python 3,Accepted,109 ms,900 KB,2019-10-28 08:41:00,509
18533682,Jun/17/2016 03:53,darkria,510B - Fox And Two Dots,Python 3,Accepted,62 ms,700 KB,2016-06-17 03:53:00,510
14782669,Dec/13/2015 12:26,saodem74,510D - Fox And Jumping,Python 3,Accepted,1560 ms,700 KB,2015-12-13 12:26:00,512
9854149,Feb/15/2015 06:17,j1k7_7,514B - Han Solo and Lazer Gun,Python 3,Accepted,62 ms,0 KB,2015-02-15 06:17:00,514
15915392,Feb/09/2016 17:05,not_bot_but_POT,515B - Drazil and His Happy Friends,Python 3,Accepted,93 ms,1200 KB,2016-02-09 17:05:00,515
29520588,Aug/17/2017 10:10,lightning-bolt,518B - Tanya and Postcard,Python 3,Accepted,93 ms,1400 KB,2017-08-17 10:10:00,518
56493121,Jul/04/2019 03:33,xcytxc,519B - A and B and Compilation Errors,Python 3,Accepted,217 ms,7400 KB,2019-07-04 03:33:00,519
10125639,Mar/03/2015 00:04,shrubb,520B - Two Buttons,Python 3,Accepted,62 ms,0 KB,2015-03-03 00:04:00,520
10795435,Apr/20/2015 11:28,blahblah7,522B - Photo to Remember,Python 3,Accepted,1497 ms,18300 KB,2015-04-20 11:28:00,522
10291598,Mar/15/2015 19:13,Fekete,523B - Mean Requests,Python 3,Accepted,2635 ms,17100 KB,2015-03-15 19:13:00,523
10384388,Mar/21/2015 18:58,"SERGES_REAL_CO: Istar_sergei, ForceMaster",524B - Фото на память - 2 (round version),Python 3,Accepted,530 ms,0 KB,2015-03-21 18:58:00,524
46820921,Dec/09/2018 18:14,jaaguptamme,525B - Pasha and String,Python 3,Accepted,265 ms,7600 KB,2018-12-09 18:14:00,525
15915407,Feb/09/2016 17:05,not_bot_but_POT,526B - Om Nom and Dark Park,Python 3,Accepted,62 ms,300 KB,2016-02-09 17:05:00,526
10338704,Mar/18/2015 17:15,daniil_m#,527B - Error Correct System,Python 3,Accepted,218 ms,6100 KB,2015-03-18 17:15:00,527
10350773,Mar/19/2015 19:04,duckladydinh,527D - Clique Problem,Python 3,Accepted,1091 ms,18000 KB,2015-03-19 19:04:00,528
10391733,Mar/22/2015 07:10,dr.ikros,529B - Group Photo 2 (online mirror version),Python 3,Accepted,888 ms,400 KB,2015-03-22 07:10:00,529
42145712,Aug/27/2018 11:42,yugle7,533B - Work Group,Python 3,Accepted,1279 ms,40900 KB,2018-08-27 11:42:00,532
42145712,Aug/27/2018 11:42,yugle7,533B - Work Group,Python 3,Accepted,1279 ms,40900 KB,2018-08-27 11:42:00,533
12214707,Jul/24/2015 16:29,Vosatorp,534B - Covered Path,Python 3,Accepted,62 ms,0 KB,2015-07-24 16:29:00,534
49785191,Feb/11/2019 22:29,RW___J1307,535B - Tavas and SaDDas,Python 3,Accepted,108 ms,0 KB,2019-02-11 22:29:00,535
16290656,Feb/23/2016 13:37,surokpro,535D - Tavas and Malekas,Python 3,Accepted,1294 ms,59400 KB,2016-02-23 13:37:00,536
68332410,Jan/06/2020 22:30,Ivruix,538B - Quasi Binary,Python 3,Accepted,108 ms,300 KB,2020-01-06 22:30:00,538
52526148,Apr/09/2019 14:34,toysheeyeyraku,540B - School Marks,Python 3,Accepted,109 ms,100 KB,2019-04-09 14:34:00,540
34002480,Jan/08/2018 14:45,.I.,544B - Sea and Islands,Python 3,Accepted,93 ms,6300 KB,2018-01-08 14:45:00,544
39535897,Jun/23/2018 11:19,Elvis25,545B - Equidistant String,Python 3,Accepted,124 ms,2600 KB,2018-06-23 11:19:00,545
18140322,May/29/2016 06:42,Isidev96,546B - Soldier and Badges,Python 3,Accepted,62 ms,4800 KB,2016-05-29 06:42:00,546
15915430,Feb/09/2016 17:06,not_bot_but_POT,547B - Mike and Feet,Python 3,Accepted,670 ms,19000 KB,2016-02-09 17:06:00,547
15915431,Feb/09/2016 17:06,not_bot_but_POT,548B - Mike and Fun,Python 3,Accepted,389 ms,2100 KB,2016-02-09 17:06:00,548
46236691,Nov/26/2018 06:48,Silky_Littleraisin,550B - Preparing Olympiad,Python 3,Accepted,140 ms,100 KB,2018-11-26 06:48:00,550
11552964,Jun/12/2015 20:53,* PugachAG,551B - ZgukistringZ,Python 3,Accepted,888 ms,1700 KB,2015-06-12 20:53:00,551
15193545,Jan/05/2016 19:43,lavafalls,552B - Vanya and Books,Python 3,Accepted,62 ms,0 KB,2016-01-05 19:43:00,552
12991509,Sep/14/2015 05:45,duckladydinh,553B - Kyoya and Permutation,Python 3,Accepted,62 ms,0 KB,2015-09-14 05:45:00,553
20737469,Sep/18/2016 17:31,Amores,554B - Ohana Cleans Up,Python 3,Accepted,62 ms,0 KB,2016-09-18 17:31:00,554
11809095,Jun/27/2015 22:30,Chipe1,556D - Case of Fugitive,Python 3,Accepted,2558 ms,51500 KB,2015-06-27 22:30:00,555
79780429,May/11/2020 23:09,coderemite,556B - Case of Fake Numbers,Python 3,Accepted,109 ms,300 KB,2020-05-11 23:09:00,556
11870951,Jun/30/2015 22:42,SerVasilich,557B - Pasha and Tea,Python 3,Accepted,217 ms,16500 KB,2015-06-30 22:42:00,557
15915442,Feb/09/2016 17:06,not_bot_but_POT,558B - Amr and The Large Array,Python 3,Accepted,233 ms,15900 KB,2016-02-09 17:06:00,558
15915446,Feb/09/2016 17:06,not_bot_but_POT,559B - Equivalent Strings,Python 3,Accepted,560 ms,19400 KB,2016-02-09 17:06:00,559
21294870,Oct/08/2016 17:40,Amores,560B - Gerald is into Art,Python 3,Accepted,77 ms,4500 KB,2016-10-08 17:40:00,560
69152767,Jan/19/2020 21:11,kopok2,566B - Replicating Processes,Python 3,Accepted,810 ms,21600 KB,2020-01-19 21:11:00,566
12429272,Aug/09/2015 21:59,johannesk,567B - Berland National Library,Python 3,Accepted,62 ms,0 KB,2015-08-09 21:59:00,567
13716825,Oct/18/2015 20:09,jackowitzd2,569B - Inventory,Python 3,Accepted,202 ms,12200 KB,2015-10-18 20:09:00,569
19950794,Aug/18/2016 20:38,Amores,570B - Simple Game,Python 3,Accepted,62 ms,4500 KB,2016-08-18 20:38:00,570
64664533,Nov/11/2019 03:34,RicardoLegAc,572B - Order Book,Python 3,Accepted,109 ms,200 KB,2019-11-11 03:34:00,572
61336648,Sep/26/2019 19:44,Soapen,573B - Bear and Blocks,Python 3,Accepted,265 ms,8700 KB,2019-09-26 19:44:00,573
30549339,Sep/20/2017 17:49,yugle7,574B - Bear and Three Musketeers,Python 3,Accepted,140 ms,6400 KB,2017-09-20 17:49:00,574
48598087,Jan/20/2019 10:07,DLCattici,577B - Modulo Sum,Python 3,Accepted,249 ms,55600 KB,2019-01-20 10:07:00,577
13545039,Oct/11/2015 14:44,yoshibo-,"579D - ""Or"" Game",Python 3,Accepted,436 ms,15300 KB,2015-10-11 14:44:00,578
64600890,Nov/09/2019 21:44,abhivick07,579B - Finding Team Member,Python 3,Accepted,982 ms,33200 KB,2019-11-09 21:44:00,579
75677901,Apr/06/2020 19:47,stars_in_the_sky,580B - Kefa and Company,Python 3,Accepted,654 ms,10300 KB,2020-04-06 19:47:00,580
73483168,Mar/17/2020 15:24,chauhan002,581B - Luxurious Houses,Python 3,Accepted,342 ms,8300 KB,2020-03-17 15:24:00,581
32365723,Nov/17/2017 00:35,yugle7,582B - Once Again...,Python 3,Accepted,202 ms,100 KB,2017-11-17 00:35:00,582
13369318,Oct/03/2015 20:08,GBH,583B - Robot's Task,Python 3,Accepted,577 ms,0 KB,2015-10-03 20:08:00,583
14798559,Dec/14/2015 10:41,Teejay,584B - Kolya and Tanya,Python 3,Accepted,109 ms,400 KB,2015-12-14 10:41:00,584
49500561,Feb/05/2019 17:57,r57shell,585B - Phillip and Trains,Python 3,Accepted,109 ms,300 KB,2019-02-05 17:57:00,585
20471402,Sep/09/2016 06:20,Amores,586B - Laurenty and Shop,Python 3,Accepted,62 ms,0 KB,2016-09-09 06:20:00,586
45117965,Oct/31/2018 02:59,leas,588B - Duff in Love,Python 3,Accepted,373 ms,0 KB,2018-10-31 02:59:00,588
13972388,Oct/31/2015 17:27,pro100leo,590B - Chip 'n Dale Rescue Rangers,Python 3,Accepted,77 ms,0 KB,2015-10-31 17:27:00,590
56000833,Jun/24/2019 15:56,cs1g,591B - Rebranding,Python 3,Accepted,889 ms,900 KB,2019-06-24 15:56:00,591
13974749,Oct/31/2015 19:40,* minimario,592B - The Monster and the Squirrel,Python 3,Accepted,62 ms,0 KB,2015-10-31 19:40:00,592
14066659,Nov/04/2015 20:10,HACKorithm,593B - Anton and Lines,Python 3,Accepted,623 ms,11600 KB,2015-11-04 20:10:00,593
14160306,Nov/08/2015 22:26,Tawara,595B - Pasha and Phone,Python 3,Accepted,249 ms,2300 KB,2015-11-08 22:26:00,595
79609890,May/10/2020 05:29,coderemite,596B - Wilbur and Array,Python 3,Accepted,233 ms,19700 KB,2020-05-10 05:29:00,596
32523085,Nov/21/2017 14:17,yugle7,597B - Restaurant,Python 3,Accepted,2152 ms,56700 KB,2017-11-21 14:17:00,597
20313421,Sep/01/2016 03:27,Amores,598B - Queries on a String,Python 3,Accepted,77 ms,1700 KB,2016-09-01 03:27:00,598
27807576,Jun/15/2017 20:32,YazanRi,599B - Spongebob and Joke,Python 3,Accepted,483 ms,9900 KB,2017-06-15 20:32:00,599
20541054,Sep/12/2016 01:36,Amores,600B - Queries about less or equal elements,Python 3,Accepted,1247 ms,17500 KB,2016-09-12 01:36:00,600
56815816,Jul/10/2019 22:04,Desktop9,602B - Approximating a Constant Range,Python 3,Accepted,218 ms,7500 KB,2019-07-10 22:04:00,602
14651049,Dec/04/2015 19:15,hjx1212,604D - Moodular Arithmetic,Python 3,Accepted,312 ms,0 KB,2015-12-04 19:15:00,603
20603830,Sep/14/2016 06:05,Amores,604B - More Cowbell,Python 3,Accepted,140 ms,7200 KB,2016-09-14 06:05:00,604
30610766,Sep/22/2017 12:49,yugle7,605B - Lazy Student,Python 3,Accepted,1154 ms,16700 KB,2017-09-22 12:49:00,605
31433056,Oct/16/2017 23:58,yugle7,606B - Testing Robots,Python 3,Accepted,187 ms,11300 KB,2017-10-16 23:58:00,606
14994462,Dec/24/2015 22:38,lavafalls,608B - Hamming Distance Sum,Python 3,Accepted,343 ms,7100 KB,2015-12-24 22:38:00,608
69835580,Jan/30/2020 14:43,cs1g,609B - Книга - лучший подарок,Python 3,Accepted,171 ms,3400 KB,2020-01-30 14:43:00,609
15602678,Jan/27/2016 02:09,lavafalls,610B - Vika and Squares,Python 3,Accepted,233 ms,18200 KB,2016-01-27 02:09:00,610
20447935,Sep/08/2016 04:05,Amores,611B - New Year and Old Property,Python 3,Accepted,77 ms,0 KB,2016-09-08 04:05:00,611
29491973,Aug/16/2017 00:02,Qumeric,612B - HDD is Outdated Technology,Python 3,Accepted,265 ms,28300 KB,2017-08-16 00:02:00,612
15377652,Jan/15/2016 00:03,cugel,613B - Skills,Python 3,Accepted,1045 ms,16100 KB,2016-01-15 00:03:00,613
15382222,Jan/15/2016 08:16,lavafalls,614B - Gena's Code,Python 3,Accepted,140 ms,1900 KB,2016-01-15 08:16:00,614
15256471,Jan/08/2016 19:55,__ivan__,615B - Longtail Hedgehog,Python 3,Accepted,1107 ms,16500 KB,2016-01-08 19:55:00,615
79270455,May/07/2020 15:49,coderemite,616B - Dinner with Emma,Python 3,Accepted,108 ms,7400 KB,2020-05-07 15:49:00,616
19037514,Jul/12/2016 01:34,Amores,617B - Chocolate,Python 3,Accepted,62 ms,0 KB,2016-07-12 01:34:00,617
20760969,Sep/19/2016 19:51,Remarque,618B - Guess the Permutation,Python 3,Accepted,62 ms,0 KB,2016-09-19 19:51:00,618
79317158,May/07/2020 21:24,coderemite,620B - Grandfather Dovlet’s calculator,Python 3,Accepted,420 ms,49000 KB,2020-05-07 21:24:00,620
29093376,Aug/01/2017 11:42,Qumeric,621B - Wet Shark and Bishops,Python 3,Accepted,701 ms,4600 KB,2017-08-01 11:42:00,621
79100203,May/06/2020 04:46,coderemite,622B - The Time,Python 3,Accepted,109 ms,0 KB,2020-05-06 04:46:00,622
16252356,Feb/21/2016 03:50,Amores,624B - Making a String,Python 3,Accepted,62 ms,0 KB,2016-02-21 03:50:00,624
15873011,Feb/07/2016 14:29,xlwinner11,625B - War of the Corporations,Python 3,Accepted,77 ms,300 KB,2016-02-07 14:29:00,625
56511927,Jul/04/2019 13:52,seanhwang10,626B - Cards,Python 3,Accepted,109 ms,0 KB,2019-07-04 13:52:00,626
51968185,Mar/29/2019 14:07,r57shell,627B - Factory Repairs,Python 3,Accepted,2495 ms,8500 KB,2019-03-29 14:07:00,627
42580816,Sep/06/2018 19:50,lotszfung3,628B - New Skateboard,Python 3,Accepted,498 ms,900 KB,2018-09-06 19:50:00,628
20409891,Sep/06/2016 03:39,Amores,629B - Far Relative’s Problem,Python 3,Accepted,78 ms,0 KB,2016-09-06 03:39:00,629
16978122,Mar/27/2016 22:33,jackowitzd2,630B - Moore's Law,Python 3,Accepted,77 ms,4700 KB,2016-03-27 22:33:00,630
40251719,Jul/13/2018 09:35,D8988B,631B - Print Check,Python 3,Accepted,577 ms,3000 KB,2018-07-13 09:35:00,631
32397732,Nov/17/2017 18:42,yugle7,"632B - Alice, Bob, Two Teams",Python 3,Accepted,826 ms,38200 KB,2017-11-17 18:42:00,632
16358771,Feb/26/2016 20:58,ssor96,633B - A Trivial Problem,Python 3,Accepted,139 ms,0 KB,2016-02-26 20:58:00,633
31561440,Oct/21/2017 12:23,yugle7,627A - XOR Equation,Python 3,Accepted,62 ms,5400 KB,2017-10-21 12:23:00,634
16440653,Mar/01/2016 15:19,rondou,634A - Island Puzzle,Python 3,Accepted,140 ms,18600 KB,2016-03-01 15:19:00,635
28882082,Jul/25/2017 19:27,kosyachniy,637B - Chat Order,Python 3,Accepted,982 ms,22200 KB,2017-07-25 19:27:00,637
33619451,Dec/25/2017 17:31,yugle7,638B - Making Genome in Berland,Python 3,Accepted,62 ms,5500 KB,2017-12-25 17:31:00,638
33008442,Dec/07/2017 22:05,YazanRi,639B - Bear and Forgotten Tree 3,Python 3,Accepted,592 ms,5700 KB,2017-12-07 22:05:00,639
34251994,Jan/17/2018 15:49,yugle7,641B - Little Artem and Matrix,Python 3,Accepted,217 ms,6500 KB,2018-01-17 15:49:00,641
17798320,May/07/2016 22:23,SerVasilich,673D - Bear and Two Paths,Python 3,Accepted,62 ms,5000 KB,2016-05-07 22:23:00,643
16777924,Mar/18/2016 11:28,* SerVasilich,644B - Processing Queries,Python 3,Accepted,889 ms,16800 KB,2016-03-18 11:28:00,644
18286614,Jun/07/2016 18:44,zjq,655B - Mischievous Mess Makers,Python 3,Accepted,77 ms,4700 KB,2016-06-07 18:44:00,645
16859321,Mar/21/2016 18:40,nsychev,646B - Ошибка передачи сообщения,Python 3,Accepted,93 ms,5000 KB,2016-03-21 18:40:00,646
16933632,Mar/25/2016 19:38,sveta.02,647B - Звёздное небо,Python 3,Accepted,498 ms,4800 KB,2016-03-25 19:38:00,647
16888828,Mar/23/2016 18:10,SendThemToHell,648B - Собери стол,Python 3,Accepted,62 ms,5200 KB,2016-03-23 18:10:00,648
16947130,Mar/26/2016 10:41,Shostina,649B - Этажи,Python 3,Accepted,62 ms,4500 KB,2016-03-26 10:41:00,649
16709083,Mar/14/2016 10:12,orailly,651D - Image Preview,Python 3,Accepted,966 ms,7400 KB,2016-03-14 10:12:00,650
19422819,Jul/26/2016 15:48,future_loops,651B - Beautiful Paintings,Python 3,Accepted,78 ms,0 KB,2016-07-26 15:48:00,651
69371511,Jan/22/2020 20:16,cs1g,652B - z-sort,Python 3,Accepted,109 ms,300 KB,2020-01-22 20:16:00,652
19674114,Aug/06/2016 20:12,sobir_bobiev#,653B - Bear and Compressing,Python 3,Accepted,62 ms,5100 KB,2016-08-06 20:12:00,653
18286614,Jun/07/2016 18:44,zjq,655B - Mischievous Mess Makers,Python 3,Accepted,77 ms,4700 KB,2016-06-07 18:44:00,655
17158173,Apr/04/2016 16:17,SerVasilich,656B - Scrambled,Python 3,Accepted,1060 ms,4700 KB,2016-04-04 16:17:00,656
20410340,Sep/06/2016 04:41,Amores,639A - Bear and Displayed Friends,Python 3,Accepted,950 ms,13000 KB,2016-09-06 04:41:00,658
47521440,Dec/26/2018 16:18,jaaguptamme,659B - Qualifying Contest,Python 3,Accepted,483 ms,11200 KB,2018-12-26 16:18:00,659
79415404,May/08/2020 23:47,coderemite,660B - Seating On Bus,Python 3,Accepted,109 ms,6500 KB,2020-05-08 23:47:00,660
33707242,Dec/28/2017 13:53,yugle7,664C - International Olympiad,Python 3,Accepted,93 ms,5500 KB,2017-12-28 13:53:00,663
21197338,Oct/05/2016 00:57,Amores,663A - Rebus,Python 3,Accepted,374 ms,0 KB,2016-10-05 00:57:00,664
31518312,Oct/19/2017 23:25,yugle7,665B - Shopping,Python 3,Accepted,77 ms,5400 KB,2017-10-19 23:25:00,665
17588598,Apr/30/2016 05:44,lavafalls,667B - Coat of Anticubism,Python 3,Accepted,93 ms,7600 KB,2016-04-30 05:44:00,667
79387295,May/08/2020 17:31,coderemite,641A - Little Artem and Grasshopper,Python 3,Accepted,155 ms,14300 KB,2020-05-08 17:31:00,669
20471186,Sep/09/2016 05:51,Amores,670B - Game of Robots,Python 3,Accepted,139 ms,8300 KB,2016-09-09 05:51:00,670
17874671,May/12/2016 14:41,SerVasilich,672B - Different is Good,Python 3,Accepted,77 ms,4800 KB,2016-05-12 14:41:00,672
32142911,Nov/08/2017 19:38,yugle7,673B - Problems for Round,Python 3,Accepted,452 ms,0 KB,2017-11-08 19:38:00,673
17798320,May/07/2016 22:23,SerVasilich,673D - Bear and Two Paths,Python 3,Accepted,62 ms,5000 KB,2016-05-07 22:23:00,674
50592711,Feb/28/2019 11:23,zeus111,675B - Restoring Painting,Python 3,Accepted,124 ms,0 KB,2019-02-28 11:23:00,675
65492312,Nov/21/2019 18:10,vjudge4,676B - Pyramid of Glasses,Python 3,Accepted,124 ms,0 KB,2019-11-21 18:10:00,676
18205114,Jun/01/2016 22:51,johannesk,677B - Vanya and Food Processor,Python 3,Accepted,186 ms,11800 KB,2016-06-01 22:51:00,677
18447803,Jun/14/2016 12:38,SerVasilich,678B - The Same Calendar,Python 3,Accepted,62 ms,0 KB,2016-06-14 12:38:00,678
32834634,Dec/01/2017 19:00,yugle7,680D - Bear and Tower of Cubes,Python 3,Accepted,77 ms,5400 KB,2017-12-01 19:00:00,679
75587781,Apr/05/2020 19:20,coderemite,680B - Bear and Finding Criminals,Python 3,Accepted,124 ms,0 KB,2020-04-05 19:20:00,680
18949008,Jul/07/2016 13:22,anhhung4u,681B - Economy Game,Python 3,Accepted,93 ms,0 KB,2016-07-07 13:22:00,681
19681604,Aug/07/2016 09:58,Amores,682B - Alyona and Mex,Python 3,Accepted,140 ms,13400 KB,2016-08-07 09:58:00,682
18685578,Jun/23/2016 21:30,HACKorithm,685B - Kay and Snowflake,Python 3,Accepted,2401 ms,45900 KB,2016-06-23 21:30:00,685
19527413,Jul/31/2016 01:33,S.Ged,686B - Little Robber Girl's Zoo,Python 3,Accepted,78 ms,700 KB,2016-07-31 01:33:00,686
68319972,Jan/06/2020 17:35,vjudge2,687B - Remainders Game,Python 3,Accepted,936 ms,59800 KB,2020-01-06 17:35:00,687
18791629,Jun/29/2016 20:22,SerVasilich,688B - Lovely Palindromes,Python 3,Accepted,62 ms,600 KB,2016-06-29 20:22:00,688
47276856,Dec/19/2018 22:56,DomiKo,689B - Mike and Shortcuts,Python 3,Accepted,716 ms,17500 KB,2018-12-19 22:56:00,689
31237506,Oct/12/2017 13:10,yugle7,691B - s-palindrome,Python 3,Accepted,62 ms,0 KB,2017-10-12 13:10:00,691
19286006,Jul/20/2016 21:05,Abolfazl0079,696B - Puzzles,Python 3,Accepted,467 ms,20800 KB,2016-07-20 21:05:00,696
26962992,May/08/2017 22:03,YazanRi,697B - Barnicle,Python 3,Accepted,92 ms,900 KB,2017-05-08 22:03:00,697
36753536,Mar/30/2018 19:35,vjudge5,698B - Fix a Tree,Python 3,Accepted,405 ms,26300 KB,2018-03-30 19:35:00,698
47521211,Dec/26/2018 16:11,jaaguptamme,699B - One Bomb,Python 3,Accepted,935 ms,1500 KB,2018-12-26 16:11:00,699
19359222,Jul/23/2016 10:45,karan_lal2015,701B - Cells Not Under Attack,Python 3,Accepted,1715 ms,8100 KB,2016-07-23 10:45:00,701
37442967,Apr/18/2018 19:19,Bamal,702B - Powers of Two,Python 3,Accepted,1793 ms,18800 KB,2018-04-18 19:19:00,702
19981346,Aug/20/2016 14:59,orailly,703B - Mishka and trip,Python 3,Accepted,171 ms,14100 KB,2016-08-20 14:59:00,703
29442396,Aug/13/2017 22:33,Qumeric,705B - Spider Man,Python 3,Accepted,467 ms,11300 KB,2017-08-13 22:33:00,705
51271116,Mar/13/2019 21:05,UTMoonlight,706B - Interesting drink,Python 3,Accepted,1091 ms,6900 KB,2019-03-13 21:05:00,706
30360874,Sep/15/2017 13:38,yugle7,707B - Bakery,Python 3,Accepted,436 ms,21700 KB,2017-09-15 13:38:00,707
32352163,Nov/16/2017 13:17,yugle7,709D - Recover the String,Python 3,Accepted,62 ms,100 KB,2017-11-16 13:17:00,708
20202989,Aug/28/2016 01:50,Amores,709B - Checkpoints,Python 3,Accepted,124 ms,12000 KB,2016-08-28 01:50:00,709
78338887,Apr/28/2020 04:26,luogu_bot3,710B - Optimal Point on a Line,Python 3,Accepted,296 ms,21900 KB,2020-04-28 04:26:00,710
20266150,Aug/30/2016 02:23,Amores,711B - Chris and Magic Square,Python 3,Accepted,358 ms,6000 KB,2016-08-30 02:23:00,711
20519814,Sep/11/2016 07:32,Amores,712B - Memory and Trident,Python 3,Accepted,62 ms,300 KB,2016-09-11 07:32:00,712
20586635,Sep/13/2016 20:29,Jatana,713B - Searching Rectangles,Python 3,Accepted,62 ms,300 KB,2016-09-13 20:29:00,713
20604964,Sep/14/2016 07:27,Amores,714B - Filya and Homework,Python 3,Accepted,93 ms,9200 KB,2016-09-14 07:27:00,714
47803883,Jan/01/2019 07:44,Silky_Littleraisin,716B - Complete the Word,Python 3,Accepted,265 ms,300 KB,2019-01-01 07:44:00,716
29316090,Aug/10/2017 05:20,--d,717B - R3D3’s Summer Adventure,Python 3,Accepted,62 ms,4500 KB,2017-08-10 05:20:00,717
20906283,Sep/25/2016 14:07,Fekete,719B - Anatoly and Cockroaches,Python 3,Accepted,109 ms,300 KB,2016-09-25 14:07:00,719
21173965,Oct/04/2016 00:30,Amores,721B - Passwords,Python 3,Accepted,77 ms,0 KB,2016-10-04 00:30:00,721
30651409,Sep/23/2017 21:36,blackmius,722B - Verse Pattern,Python 3,Accepted,62 ms,0 KB,2017-09-23 21:36:00,722
22314532,Nov/18/2016 23:26,lionadis,723B - Text Document Analysis,Python 3,Accepted,77 ms,0 KB,2016-11-18 23:26:00,723
21305495,Oct/08/2016 23:51,Amores,724B - Batch Sort,Python 3,Accepted,77 ms,4500 KB,2016-10-08 23:51:00,724
21732484,Oct/24/2016 06:26,Amores,725B - Food on the Plane,Python 3,Accepted,78 ms,0 KB,2016-10-24 06:26:00,725
33054554,Dec/09/2017 18:32,yugle7,727B - Bill Total Value,Python 3,Accepted,93 ms,5900 KB,2017-12-09 18:32:00,727
52528176,Apr/09/2019 15:23,vjudge2,729B - Spotlights,Python 3,Accepted,561 ms,1800 KB,2019-04-09 15:23:00,729
33213219,Dec/13/2017 15:39,yugle7,730B - Minimum and Maximum,Python 3,Accepted,1887 ms,5700 KB,2017-12-13 15:39:00,730
21578863,Oct/19/2016 01:32,Amores,731B - Coupons and Discounts,Python 3,Accepted,202 ms,15000 KB,2016-10-19 01:32:00,731
50779243,Mar/04/2019 13:30,DLCattici,732B - Cormen --- The Best Friend Of a Man,Python 3,Accepted,109 ms,0 KB,2019-03-04 13:30:00,732
45485961,Nov/09/2018 20:11,BBtheGoD,733B - Parade,Python 3,Accepted,826 ms,2700 KB,2018-11-09 20:11:00,733
53569424,Apr/30/2019 17:19,sofigenr,734B - Anton and Digits,Python 3,Accepted,109 ms,0 KB,2019-04-30 17:19:00,734
79787250,May/12/2020 01:57,coderemite,735B - Urbanization,Python 3,Accepted,171 ms,7600 KB,2020-05-12 01:57:00,735
22830564,Dec/09/2016 13:04,pcchou,735D - Taxes,Python 3,Accepted,77 ms,0 KB,2016-12-09 13:04:00,736
22398539,Nov/22/2016 10:40,we7d,729D - Sea Battle,Python 3,Accepted,701 ms,7900 KB,2016-11-22 10:40:00,737
52528176,Apr/09/2019 15:23,vjudge2,729B - Spotlights,Python 3,Accepted,561 ms,1800 KB,2019-04-09 15:23:00,738
25669502,Mar/20/2017 18:10,cgfs10000,740D - Alyona and a tree,Python 3,Accepted,1918 ms,240500 KB,2017-03-20 18:10:00,739
22516113,Nov/26/2016 22:34,Amores,740B - Alyona and flowers,Python 3,Accepted,77 ms,0 KB,2016-11-26 22:34:00,740
31203445,Oct/11/2017 00:51,yugle7,741B - Arpa's weak amphitheater and Mehrdad's valuable Hoses,Python 3,Accepted,733 ms,500 KB,2017-10-11 00:51:00,741
45767757,Nov/15/2018 16:00,vjudge1,742B - Arpa’s obvious problem and Mehrdad’s terrible solution,Python 3,Accepted,202 ms,10700 KB,2018-11-15 16:00:00,742
62249025,Oct/10/2019 11:30,ashujack,743B - Chloe and the sequence,Python 3,Accepted,139 ms,0 KB,2019-10-10 11:30:00,743
34970212,Feb/06/2018 15:31,yugle7,744B - Hongcow's Game,Python 3,Accepted,124 ms,5700 KB,2018-02-06 15:31:00,744
23165783,Dec/20/2016 00:52,merolish,745B - Hongcow Solves A Puzzle,Python 3,Accepted,77 ms,4800 KB,2016-12-20 00:52:00,745
73997188,Mar/23/2020 01:02,coderemite,746B - Decoding,Python 3,Accepted,124 ms,0 KB,2020-03-23 01:02:00,746
60450927,Sep/12/2019 18:54,jvti,747B - Mammoth's Genome Decoding,Python 3,Accepted,109 ms,0 KB,2019-09-12 18:54:00,747
23344140,Dec/26/2016 19:21,frankbozar,752B - Santa Claus and Keyboard Check,Python 3,Accepted,62 ms,4500 KB,2016-12-26 19:21:00,748
23274922,Dec/24/2016 18:47,bakirov013,749B - Parallelogram is Back,Python 3,Accepted,93 ms,4500 KB,2016-12-24 18:47:00,749
23562691,Jan/05/2017 23:38,iaeyoayao,750B - New Year and North Pole,Python 3,Accepted,77 ms,4500 KB,2017-01-05 23:38:00,750
23278409,Dec/24/2016 22:29,oppa_neckich,751B - Путь Поликарпа,Python 3,Accepted,280 ms,18300 KB,2016-12-24 22:29:00,751
23344140,Dec/26/2016 19:21,frankbozar,752B - Santa Claus and Keyboard Check,Python 3,Accepted,62 ms,4500 KB,2016-12-26 19:21:00,752
23678970,Jan/10/2017 13:23,Yut0,753B - Interactive Bulls and Cows (Easy),Python 3,Accepted,77 ms,4500 KB,2017-01-10 13:23:00,753
23659091,Jan/09/2017 06:04,orailly,754B - Ilya and tic-tac-toe game,Python 3,Accepted,93 ms,4500 KB,2017-01-09 06:04:00,754
24524013,Feb/08/2017 13:38,Wavescale,755B - PolandBall and Game,Python 3,Accepted,77 ms,6000 KB,2017-02-08 13:38:00,755
31601421,Oct/22/2017 14:06,yugle7,756B - Travel Card,Python 3,Accepted,452 ms,15300 KB,2017-10-22 14:06:00,756
54698954,May/27/2019 00:02,Aidos,757B - Bash's Big Day,Python 3,Accepted,217 ms,5900 KB,2019-05-27 00:02:00,757
41466313,Aug/11/2018 14:12,cs1g,758B - Blown Garland,Python 3,Accepted,124 ms,0 KB,2018-08-11 14:12:00,758
31601421,Oct/22/2017 14:06,yugle7,756B - Travel Card,Python 3,Accepted,452 ms,15300 KB,2017-10-22 14:06:00,759
76054720,Apr/10/2020 07:36,rdav,760B - Frodo and pillows,Python 3,Accepted,139 ms,0 KB,2020-04-10 07:36:00,760
26463102,Apr/17/2017 22:32,merolish,761B - Dasha and friends,Python 3,Accepted,62 ms,5400 KB,2017-04-17 22:32:00,761
24523543,Feb/08/2017 13:12,Wavescale,762B - USB vs. PS/2,Python 3,Accepted,966 ms,15200 KB,2017-02-08 13:12:00,762
24407357,Feb/03/2017 13:18,T1duS,764D - Timofey and rectangles,Python 3,Accepted,1528 ms,4500 KB,2017-02-03 13:18:00,763
75996206,Apr/09/2020 16:39,coderemite,764B - Timofey and cubes,Python 3,Accepted,420 ms,18200 KB,2020-04-09 16:39:00,764
24699197,Feb/15/2017 18:15,Yut0,765B - Code obfuscation,Python 3,Accepted,77 ms,4500 KB,2017-02-15 18:15:00,765
37258557,Apr/12/2018 21:39,jmerizia,766B - Mahmoud and a Triangle,Python 3,Accepted,140 ms,14800 KB,2018-04-12 21:39:00,766
32617830,Nov/24/2017 13:52,yugle7,767B - The Queue,Python 3,Accepted,170 ms,12900 KB,2017-11-24 13:52:00,767
26176390,Apr/06/2017 20:44,anhhoangta,768B - Code For 1,Python 3,Accepted,109 ms,5400 KB,2017-04-06 20:44:00,768
25214288,Mar/04/2017 16:25,"Nyarlathotep: AlexandrShcherbakov, tanja200596",769B - News About Credit,Python 3,Accepted,62 ms,4600 KB,2017-03-04 16:25:00,769
31544451,Oct/20/2017 23:27,yugle7,770B - Maximize Sum of Digits,Python 3,Accepted,62 ms,5400 KB,2017-10-20 23:27:00,770
73580874,Mar/18/2020 17:46,tanu38,771B - Bear and Different Names,Python 3,Accepted,109 ms,300 KB,2020-03-18 17:46:00,771
32380402,Nov/17/2017 16:56,yugle7,801D - Volatile Kite,Python 3,Accepted,77 ms,0 KB,2017-11-17 16:56:00,772
27007266,May/11/2017 09:36,frankbozar,806B - Dynamic Problem Scoring,Python 3,Accepted,264 ms,0 KB,2017-05-11 09:36:00,773
26176893,Apr/06/2017 21:08,zetilovn,774B - Significant Cups,Python 3,Accepted,1356 ms,25100 KB,2017-04-06 21:08:00,774
25485719,Mar/14/2017 23:36,abdullah009,776B - Sherlock and his girlfriend,Python 3,Accepted,358 ms,6600 KB,2017-03-14 23:36:00,776
80276799,May/16/2020 07:17,spatel2528127,777B - Game of Credit Cards,Python 3,Accepted,124 ms,6500 KB,2020-05-16 07:17:00,777
71570448,Feb/21/2020 21:53,mostafaelspagh-0#,779B - Weird Rounding,Python 3,Accepted,109 ms,0 KB,2020-02-21 21:53:00,779
33752251,Dec/29/2017 09:23,saahilk,780B - The Meeting Place Cannot Be Changed,Python 3,Accepted,2682 ms,12100 KB,2017-12-29 09:23:00,780
28753389,Jul/21/2017 17:29,boddiul,782D - Innokenty and a Football League,Python 3,Accepted,93 ms,4900 KB,2017-07-21 17:29:00,781
33752251,Dec/29/2017 09:23,saahilk,780B - The Meeting Place Cannot Be Changed,Python 3,Accepted,2682 ms,12100 KB,2017-12-29 09:23:00,782
35530583,Feb/20/2018 21:35,Qumeric,784B - Kids' Riddle,Python 3,Accepted,62 ms,5500 KB,2018-02-20 21:35:00,784
25641089,Mar/19/2017 12:07,hot_dog,785B - Anton and Classes,Python 3,Accepted,1138 ms,4600 KB,2017-03-19 12:07:00,785
26204759,Apr/08/2017 00:48,merolish,787B - Not Afraid,Python 3,Accepted,62 ms,6100 KB,2017-04-08 00:48:00,787
25940435,Mar/30/2017 07:26,eddy1021,789B - Masha and geometric depression,Python 3,Accepted,93 ms,12900 KB,2017-03-30 07:26:00,789
46742812,Dec/08/2018 07:42,Silky_Littleraisin,771A - Bear and Friendship Condition,Python 3,Accepted,686 ms,47000 KB,2018-12-08 07:42:00,791
31962871,Nov/01/2017 23:46,yugle7,792B - Counting-out Rhyme,Python 3,Accepted,61 ms,0 KB,2017-11-01 23:46:00,792
27096245,May/13/2017 22:27,YazanRi,794B - Cutting Carrot,Python 3,Accepted,62 ms,0 KB,2017-05-13 22:27:00,794
26176893,Apr/06/2017 21:08,zetilovn,774B - Significant Cups,Python 3,Accepted,1356 ms,25100 KB,2017-04-06 21:08:00,795
26262446,Apr/10/2017 19:50,UnusedFever,796B - Find The Bone,Python 3,Accepted,1154 ms,77000 KB,2017-04-10 19:50:00,796
28813649,Jul/24/2017 07:08,Vasiliy_48,797B - Odd sum,Python 3,Accepted,155 ms,11600 KB,2017-07-24 07:08:00,797
26576225,Apr/22/2017 09:25,orailly,798B - Mike and strings,Python 3,Accepted,77 ms,5400 KB,2017-04-22 09:25:00,798
28498520,Jul/13/2017 13:05,Vasiliy_48,799B - T-shirt buying,Python 3,Accepted,1513 ms,30600 KB,2017-07-13 13:05:00,799
32380402,Nov/17/2017 16:56,yugle7,801D - Volatile Kite,Python 3,Accepted,77 ms,0 KB,2017-11-17 16:56:00,800
78845647,May/02/2020 22:21,coderemite,801B - Valued Keys,Python 3,Accepted,124 ms,0 KB,2020-05-02 22:21:00,801
60347194,Sep/10/2019 16:00,NocturneBflat,802B - Heidi and Library (medium),Python 3,Accepted,2744 ms,89300 KB,2019-09-10 16:00:00,802
40687409,Jul/24/2018 06:14,shreyashk1997,803B - Distances to Zero,Python 3,Accepted,1060 ms,17300 KB,2018-07-24 06:14:00,803
27686076,Jun/09/2017 12:23,frankbozar,804B - Minimum number of steps,Python 3,Accepted,374 ms,3100 KB,2017-06-09 12:23:00,804
27420674,May/29/2017 01:55,herkarlsson,805B - 3-palindrome,Python 3,Accepted,62 ms,600 KB,2017-05-29 01:55:00,805
27007266,May/11/2017 09:36,frankbozar,806B - Dynamic Problem Scoring,Python 3,Accepted,264 ms,0 KB,2017-05-11 09:36:00,806
26959683,May/08/2017 18:24,eddy1021,807B - T-Shirt Hunt,Python 3,Accepted,62 ms,0 KB,2017-05-08 18:24:00,807
51670435,Mar/22/2019 11:01,Claustrophobic_Penguin,808B - Average Sleep Time,Python 3,Accepted,295 ms,13800 KB,2019-03-22 11:01:00,808
27291021,May/23/2017 00:28,LobsterLord,810D - Glad to see you!,Python 3,Accepted,62 ms,0 KB,2017-05-23 00:28:00,809
36283798,Mar/14/2018 20:43,Bamal,810B - Summer sell-off,Python 3,Accepted,499 ms,8400 KB,2018-03-14 20:43:00,810
32194761,Nov/10/2017 15:23,yugle7,"812B - Sagheer, the Hausmeister",Python 3,Accepted,77 ms,0 KB,2017-11-10 15:23:00,812
27689923,Jun/09/2017 16:27,frankbozar,813B - The Golden Age,Python 3,Accepted,77 ms,300 KB,2017-06-09 16:27:00,813
30817009,Sep/29/2017 01:16,ilya-s,814B - An express train to reveries,Python 3,Accepted,77 ms,300 KB,2017-09-29 01:16:00,814
54389192,May/19/2019 18:09,daotiennamhlvl,816B - Karen and Coffee,Python 3,Accepted,1575 ms,16900 KB,2019-05-19 18:09:00,816
27919582,Jun/20/2017 10:40,prd81,817B - Makes And The Product,Python 3,Accepted,1560 ms,9300 KB,2017-06-20 10:40:00,817
32484238,Nov/20/2017 00:12,yugle7,818B - Permutation Game,Python 3,Accepted,78 ms,5400 KB,2017-11-20 00:12:00,818
33510826,Dec/22/2017 17:34,Yash_,820B - Mister B and Angle in Polygon,Python 3,Accepted,62 ms,5400 KB,2017-12-22 17:34:00,820
28212975,Jul/02/2017 18:23,orailly,821B - Okabe and Banana Trees,Python 3,Accepted,62 ms,5400 KB,2017-07-02 18:23:00,821
78985299,May/04/2020 19:09,coderemite,822B - Crossword solving,Python 3,Accepted,155 ms,300 KB,2020-05-04 19:09:00,822
52256765,Apr/03/2019 09:16,r57shell,825B - Five-In-a-Row,Python 3,Accepted,124 ms,0 KB,2019-04-03 09:16:00,825
28477120,Jul/12/2017 17:37,Zrj,828D - High Load,Python 3,Accepted,1185 ms,5700 KB,2017-07-12 17:37:00,827
28484972,Jul/13/2017 03:03,Islam_Atef,828B - Black Square,Python 3,Accepted,77 ms,5400 KB,2017-07-13 03:03:00,828
28565687,Jul/15/2017 09:29,DylanFrank,831E - Cards Sorting,Python 3,Accepted,405 ms,15300 KB,2017-07-15 09:29:00,830
73354563,Mar/15/2020 19:59,coderemite,831B - Keyboard Layouts,Python 3,Accepted,108 ms,300 KB,2020-03-15 19:59:00,831
28853309,Jul/24/2017 20:22,kosyachniy,832B - Petya and Exam,Python 3,Accepted,1434 ms,5100 KB,2017-07-24 20:22:00,832
79787612,May/12/2020 02:10,coderemite,834B - The Festive Evening,Python 3,Accepted,779 ms,3300 KB,2020-05-12 02:10:00,834
29292941,Aug/08/2017 22:52,dvec,835B - The number on the board,Python 3,Accepted,140 ms,5700 KB,2017-08-08 22:52:00,835
29264658,Aug/07/2017 15:32,dvec,837B - Flag of Berland,Python 3,Accepted,61 ms,4500 KB,2017-08-07 15:32:00,837
29619030,Aug/20/2017 14:04,eddy1021,839B - Game of the Rows,Python 3,Accepted,77 ms,0 KB,2017-08-20 14:04:00,839
45900311,Nov/18/2018 07:00,bergus,841B - Godsend,Python 3,Accepted,545 ms,55600 KB,2018-11-18 07:00:00,841
29900503,Aug/29/2017 22:01,UtkarshRanjan001#,842B - Gleb And Pizza,Python 3,Accepted,499 ms,0 KB,2017-08-29 22:01:00,842
34451123,Jan/22/2018 17:51,yugle7,844D - Interactive LowerBound,Python 3,Accepted,124 ms,6000 KB,2018-01-22 17:51:00,843
29843248,Aug/28/2017 13:35,YArya,844B - Rectangles,Python 3,Accepted,62 ms,0 KB,2017-08-28 13:35:00,844
29647911,Aug/21/2017 18:13,eddy1021,845B - Luba And The Ticket,Python 3,Accepted,1996 ms,0 KB,2017-08-21 18:13:00,845
34804984,Feb/01/2018 16:57,yugle7,846B - Math Show,Python 3,Accepted,62 ms,5500 KB,2018-02-01 16:57:00,846
31863568,Oct/29/2017 13:41,megha213,847B - Preparing for Merge Sort,Python 3,Accepted,1294 ms,22300 KB,2017-10-29 13:41:00,847
30001793,Sep/02/2017 07:12,hahho,849D - Rooter's Song,Python 3,Accepted,1200 ms,20900 KB,2017-09-02 07:12:00,848
30000585,Sep/02/2017 05:37,permui,849B - Tell Your World,Python 3,Accepted,62 ms,300 KB,2017-09-02 05:37:00,849
30088970,Sep/05/2017 05:52,eddy1021,851B - Arpa and an exam about geometry,Python 3,Accepted,93 ms,0 KB,2017-09-05 05:52:00,851
31528992,Oct/20/2017 13:02,yugle7,853B - Jury Meeting,Python 3,Accepted,639 ms,15800 KB,2017-10-20 13:02:00,853
30167444,Sep/07/2017 01:18,YazanRi,854B - Maxim Buys an Apartment,Python 3,Accepted,62 ms,0 KB,2017-09-07 01:18:00,854
33255578,Dec/15/2017 08:46,namkan,855B - Marvolo Gaunt's Ring,Python 3,Accepted,234 ms,12800 KB,2017-12-15 08:46:00,855
30462827,Sep/18/2017 14:56,eddy1021,861B - Which floor?,Python 3,Accepted,62 ms,4500 KB,2017-09-18 14:56:00,858
30587874,Sep/21/2017 18:52,yugle7,859B - Lazy Security Guard,Python 3,Accepted,62 ms,0 KB,2017-09-21 18:52:00,859
33454660,Dec/20/2017 15:07,Jiburiru,858D - Polycarp's phone book,Python 3,Accepted,3119 ms,67000 KB,2017-12-20 15:07:00,860
30462827,Sep/18/2017 14:56,eddy1021,861B - Which floor?,Python 3,Accepted,62 ms,4500 KB,2017-09-18 14:56:00,861
30532411,Sep/20/2017 04:52,winstontsai,862B - Mahmoud and Ehab and the bipartiteness,Python 3,Accepted,607 ms,12200 KB,2017-09-20 04:52:00,862
31473532,Oct/18/2017 11:25,Gyxlove521,863B - Kayaking,Python 3,Accepted,139 ms,5400 KB,2017-10-18 11:25:00,863
79267425,May/07/2020 15:13,coderemite,864B - Polycarp and Letters,Python 3,Accepted,140 ms,7300 KB,2020-05-07 15:13:00,864
30916557,Oct/01/2017 21:44,yugle7,867C - Ordering Pizza,Python 3,Accepted,577 ms,13600 KB,2017-10-01 21:44:00,865
30916557,Oct/01/2017 21:44,yugle7,867C - Ordering Pizza,Python 3,Accepted,577 ms,13600 KB,2017-10-01 21:44:00,866
30960282,Oct/03/2017 10:00,nickluo,867B - Save the problem!,Python 3,Accepted,62 ms,0 KB,2017-10-03 10:00:00,867
47246998,Dec/19/2018 09:22,tangmmmy,868B - Race Against Time,Python 3,Accepted,124 ms,0 KB,2018-12-19 09:22:00,868
77179583,Apr/18/2020 15:12,coderemite,869B - The Eternal Immortality,Python 3,Accepted,109 ms,0 KB,2020-04-18 15:12:00,869
70621265,Feb/09/2020 14:38,cs1g,870B - Maximum of Maximums of Minimums,Python 3,Accepted,140 ms,8300 KB,2020-02-09 14:38:00,870
70621265,Feb/09/2020 14:38,cs1g,870B - Maximum of Maximums of Minimums,Python 3,Accepted,140 ms,8300 KB,2020-02-09 14:38:00,872
31262880,Oct/13/2017 04:13,artmch,873B - Balanced Substring,Python 3,Accepted,171 ms,8100 KB,2017-10-13 04:13:00,873
31410688,Oct/16/2017 15:54,prd81,876D - Sorting the Coins,Python 3,Accepted,607 ms,33700 KB,2017-10-16 15:54:00,875
45126577,Oct/31/2018 11:21,leas,876B - Divisiblity of Differences,Python 3,Accepted,327 ms,10100 KB,2018-10-31 11:21:00,876
76222348,Apr/11/2020 03:36,shaurya950,877B - Nikita and string,Python 3,Accepted,109 ms,0 KB,2020-04-11 03:36:00,877
31906767,Oct/31/2017 01:10,ruslanbes,879D - Teams Formation,Python 3,Accepted,514 ms,9200 KB,2017-10-31 01:10:00,878
33229713,Dec/14/2017 07:46,Jiburiru,879B - Table Tennis,Python 3,Accepted,62 ms,5400 KB,2017-12-14 07:46:00,879
32457112,Nov/19/2017 15:49,Jiburiru,884B - Japanese Crosswords Strike Back,Python 3,Accepted,77 ms,11300 KB,2017-11-19 15:49:00,884
79333912,May/08/2020 03:11,coderemite,886B - Vlad and Cafes,Python 3,Accepted,202 ms,21200 KB,2020-05-08 03:11:00,886
32049006,Nov/04/2017 13:21,version1.0,887B - Cubes for Masha,Python 3,Accepted,62 ms,0 KB,2017-11-04 13:21:00,887
33497591,Dec/22/2017 10:52,appleCodeforce,888B - Buggy Robot,Python 3,Accepted,62 ms,5500 KB,2017-12-22 10:52:00,888
39439026,Jun/20/2018 17:49,yugle7,886D - Restoration of string,Python 3,Accepted,78 ms,0 KB,2018-06-20 17:49:00,889
79333912,May/08/2020 03:11,coderemite,886B - Vlad and Cafes,Python 3,Accepted,202 ms,21200 KB,2020-05-08 03:11:00,890
33035248,Dec/08/2017 23:15,yugle7,891B - Gluttony,Python 3,Accepted,62 ms,5400 KB,2017-12-08 23:15:00,891
35524126,Feb/20/2018 17:26,Qumeric,892B - Wrath,Python 3,Accepted,936 ms,82100 KB,2018-02-20 17:26:00,892
32744449,Nov/28/2017 11:48,Jiburiru,893B - Beautiful Divisors,Python 3,Accepted,62 ms,6100 KB,2017-11-28 11:48:00,893
32494914,Nov/20/2017 12:42,Jiburiru,894B - Ralph And His Magic Field,Python 3,Accepted,62 ms,0 KB,2017-11-20 12:42:00,894
70804121,Feb/11/2020 20:50,toysheeyeyraku,895B - XK Segments,Python 3,Accepted,358 ms,9300 KB,2020-02-11 20:50:00,895
53283513,Apr/25/2019 15:58,ACtest,897D - Ithea Plays With Chtholly,Python 3,Accepted,249 ms,0 KB,2019-04-25 15:58:00,896
75552950,Apr/05/2020 12:28,Chronomancer,897B - Chtholly's request,Python 3,Accepted,171 ms,3700 KB,2020-04-05 12:28:00,897
33861298,Jan/02/2018 13:07,treasuryonly,899B - Months and Years,Python 3,Accepted,62 ms,5500 KB,2018-01-02 13:07:00,899
33326796,Dec/17/2017 05:44,Jerry2001,900B - Position in Fraction,Python 3,Accepted,93 ms,5400 KB,2017-12-17 05:44:00,900
33450627,Dec/20/2017 12:11,Jiburiru,901B - GCD of Polynomials,Python 3,Accepted,62 ms,5500 KB,2017-12-20 12:11:00,901
53170465,Apr/23/2019 00:00,vjudge2,902B - Coloring a Tree,Python 3,Accepted,124 ms,1000 KB,2019-04-23 00:00:00,902
33229050,Dec/14/2017 06:48,eugalt,903B - The Modcrab,Python 3,Accepted,62 ms,5600 KB,2017-12-14 06:48:00,903
33658478,Dec/27/2017 02:08,eugalt,907B - Tic-Tac-Toe,Python 3,Accepted,62 ms,5500 KB,2017-12-27 02:08:00,904
33864379,Jan/02/2018 16:17,PEDY4000,906B - Seating of Students,Python 3,Accepted,826 ms,22500 KB,2018-01-02 16:17:00,906
33658478,Dec/27/2017 02:08,eugalt,907B - Tic-Tac-Toe,Python 3,Accepted,62 ms,5500 KB,2017-12-27 02:08:00,907
33882861,Jan/03/2018 13:47,jokkebk,908B - New Year and Buggy Bot,Python 3,Accepted,62 ms,5500 KB,2018-01-03 13:47:00,908
38794747,May/31/2018 11:24,icebound,909B - Segments,Python 3,Accepted,93 ms,6900 KB,2018-05-31 11:24:00,909
34525949,Jan/24/2018 21:32,dvec,910B - Door Frames,Python 3,Accepted,62 ms,5500 KB,2018-01-24 21:32:00,910
39425356,Jun/20/2018 06:31,krpiyush5,911B - Two Cakes,Python 3,Accepted,93 ms,0 KB,2018-06-20 06:31:00,911
33932488,Jan/05/2018 18:00,YoungPY,912B - New Year's Eve,Python 3,Accepted,62 ms,5400 KB,2018-01-05 18:00:00,912
49500421,Feb/05/2019 17:53,viratK,913B - Christmas Spruce,Python 3,Accepted,109 ms,300 KB,2019-02-05 17:53:00,913
34393686,Jan/21/2018 01:14,eugalt,914B - Conan and Agasa play a Card Game,Python 3,Accepted,140 ms,14900 KB,2018-01-21 01:14:00,914
34191822,Jan/15/2018 11:26,sindermut,915B - Browser,Python 3,Accepted,77 ms,5500 KB,2018-01-15 11:26:00,915
34432384,Jan/22/2018 07:48,sindermut,916B - Jamie and Binary Sequence (changed after round),Python 3,Accepted,156 ms,12800 KB,2018-01-22 07:48:00,916
34696286,Jan/30/2018 06:26,KanhuKeNanu,918D - MADMAX,Python 3,Accepted,358 ms,14700 KB,2018-01-30 06:26:00,917
74284817,Mar/25/2020 14:43,coderemite,918B - Radio Station,Python 3,Accepted,124 ms,300 KB,2020-03-25 14:43:00,918
46989820,Dec/14/2018 05:20,vjudge2,919B - Perfect Number,Python 3,Accepted,1653 ms,0 KB,2018-12-14 05:20:00,919
34874080,Feb/02/2018 22:08,rareone0602,920B - Tea Queue,Python 3,Accepted,61 ms,5500 KB,2018-02-02 22:08:00,920
35038868,Feb/08/2018 02:37,eugalt,922B - Magic Forest,Python 3,Accepted,546 ms,5500 KB,2018-02-08 02:37:00,922
36237149,Mar/13/2018 04:37,chengjian,948C - Producing Snow,Python 3,Accepted,748 ms,15600 KB,2018-03-13 04:37:00,923
36640422,Mar/26/2018 14:33,Evil__Coder,957C - Three-level Laser,Python 3,Accepted,296 ms,15000 KB,2018-03-26 14:33:00,924
37744772,Apr/30/2018 12:24,warc,967D - Resource Distribution,Python 3,Accepted,1575 ms,46000 KB,2018-04-30 12:24:00,925
36364005,Mar/17/2018 19:49,"Future Creators Team: nepoklonov, ark1",926B - Add Points,Python 3,Accepted,218 ms,15300 KB,2018-03-17 19:49:00,926
45038561,Oct/29/2018 12:04,whysee,928B - Chat,Python 3,Accepted,436 ms,7200 KB,2018-10-29 12:04:00,928
35857965,Mar/02/2018 23:50,"Hacck3ers: zpix, AzazKamaz",929B - Места в самолёте,Python 3,Accepted,124 ms,6200 KB,2018-03-02 23:50:00,929
71392834,Feb/18/2020 19:55,cs1g,931B - World Cup,Python 3,Accepted,124 ms,0 KB,2020-02-18 19:55:00,931
35285349,Feb/15/2018 10:29,Yee_172,933B - A Determined Cleanup,Python 3,Accepted,77 ms,5700 KB,2018-02-15 10:29:00,933
35285809,Feb/15/2018 10:48,ravi.kaushal97,934B - A Prosperous Lot,Python 3,Accepted,62 ms,5900 KB,2018-02-15 10:48:00,934
35536071,Feb/21/2018 04:53,eugalt,935B - Fafa and the Gates,Python 3,Accepted,109 ms,5700 KB,2018-02-21 04:53:00,935
35712431,Feb/25/2018 23:35,xulusko,937D - Sleepy Game,Python 3,Accepted,1278 ms,48200 KB,2018-02-25 23:35:00,936
77927098,Apr/24/2020 18:06,primalChaos,937B - Vile Grasshoppers,Python 3,Accepted,124 ms,0 KB,2020-04-24 18:06:00,937
35372377,Feb/16/2018 21:08,eugalt,938B - Run For Your Prize,Python 3,Accepted,124 ms,11400 KB,2018-02-16 21:08:00,938
78964639,May/04/2020 15:05,coderemite,939B - Hamster Farm,Python 3,Accepted,171 ms,10100 KB,2020-05-04 15:05:00,939
37366043,Apr/16/2018 09:29,for_njxz,940B - Our Tanya is Crying Out Loud,Python 3,Accepted,93 ms,6900 KB,2018-04-16 09:29:00,940
38991050,Jun/06/2018 13:15,mencibi,931C - Laboratory Work,Python 3,Accepted,343 ms,7300 KB,2018-06-06 13:15:00,944
36151575,Mar/10/2018 16:20,eugalt,946B - Weird Subtraction Process,Python 3,Accepted,62 ms,5500 KB,2018-03-10 16:20:00,946
36237149,Mar/13/2018 04:37,chengjian,948C - Producing Snow,Python 3,Accepted,748 ms,15600 KB,2018-03-13 04:37:00,947
36247838,Mar/13/2018 15:24,Leonardo_von_Einzbern,948B - Primal Sport,Python 3,Accepted,967 ms,9800 KB,2018-03-13 15:24:00,948
37011383,Apr/06/2018 06:17,giangtran,949B - A Leapfrog in the Array,Python 3,Accepted,1669 ms,27600 KB,2018-04-06 06:17:00,949
69630989,Jan/27/2020 20:11,cs1g,950B - Intercepted Message,Python 3,Accepted,155 ms,13100 KB,2020-01-27 20:11:00,950
47710017,Dec/30/2018 05:07,Ioser,952B - A Map of the Cat,Python 3,Accepted,124 ms,0 KB,2018-12-30 05:07:00,952
36364005,Mar/17/2018 19:49,"Future Creators Team: nepoklonov, ark1",926B - Add Points,Python 3,Accepted,218 ms,15300 KB,2018-03-17 19:49:00,953
36534432,Mar/23/2018 18:04,Marble1,954B - String Typing,Python 3,Accepted,93 ms,6900 KB,2018-03-23 18:04:00,954
36577901,Mar/24/2018 17:44,eugalt,955B - Not simply beatiful strings,Python 3,Accepted,78 ms,7400 KB,2018-03-24 17:44:00,955
36640422,Mar/26/2018 14:33,Evil__Coder,957C - Three-level Laser,Python 3,Accepted,296 ms,15000 KB,2018-03-26 14:33:00,956
36627663,Mar/25/2018 23:56,eugalt,957B - Mystical Mosaic,Python 3,Accepted,93 ms,6900 KB,2018-03-25 23:56:00,957
36932884,Apr/03/2018 22:57,eugalt,959B - Mahmoud and Ehab and the message,Python 3,Accepted,733 ms,26200 KB,2018-04-03 22:57:00,959
37144753,Apr/10/2018 15:53,eugalt,960B - Minimize the error,Python 3,Accepted,108 ms,6900 KB,2018-04-10 15:53:00,960
36981662,Apr/04/2018 23:35,eugalt,961B - Lecture Sleep,Python 3,Accepted,202 ms,18000 KB,2018-04-04 23:35:00,961
37230496,Apr/11/2018 19:54,eugalt,962B - Students in Railway Carriage,Python 3,Accepted,140 ms,8800 KB,2018-04-11 19:54:00,962
37414750,Apr/17/2018 20:19,eugalt,964B - Messages,Python 3,Accepted,109 ms,6900 KB,2018-04-17 20:19:00,964
37675966,Apr/28/2018 07:30,eugalt,965B - Battleship,Python 3,Accepted,124 ms,6900 KB,2018-04-28 07:30:00,965
37744772,Apr/30/2018 12:24,warc,967D - Resource Distribution,Python 3,Accepted,1575 ms,46000 KB,2018-04-30 12:24:00,966
79409971,May/08/2020 22:18,coderemite,967B - Watering System,Python 3,Accepted,187 ms,13000 KB,2020-05-08 22:18:00,967
38023487,May/08/2018 17:35,regretsfox,975B - Mancala,Python 3,Accepted,93 ms,6900 KB,2018-05-08 17:35:00,975
37777558,Apr/30/2018 20:18,eugalt,976B - Lara Croft and the New Game,Python 3,Accepted,93 ms,6900 KB,2018-04-30 20:18:00,976
73978061,Mar/22/2020 19:18,coderemite,977B - Two-gram,Python 3,Accepted,109 ms,0 KB,2020-03-22 19:18:00,977
59865003,Sep/01/2019 19:47,Dariush_M,978B - File Name,Python 3,Accepted,109 ms,0 KB,2019-09-01 19:47:00,978
38237773,May/14/2018 19:00,siddhant22,979B - Treasure Hunt,Python 3,Accepted,186 ms,7500 KB,2018-05-14 19:00:00,979
38060471,May/09/2018 07:31,eugalt,980B - Marlin,Python 3,Accepted,93 ms,6900 KB,2018-05-09 07:31:00,980
79384072,May/08/2020 16:53,coderemite,981B - Businessmen Problems,Python 3,Accepted,576 ms,21900 KB,2020-05-08 16:53:00,981
38382446,May/17/2018 23:48,eugalt,982B - Bus of Characters,Python 3,Accepted,1653 ms,27400 KB,2018-05-17 23:48:00,982
39521654,Jun/22/2018 19:10,Yee_172,984B - Minesweeper,Python 3,Accepted,124 ms,0 KB,2018-06-22 19:10:00,984
38518285,May/21/2018 23:43,eugalt,985B - Switches and Lamps,Python 3,Accepted,109 ms,800 KB,2018-05-21 23:43:00,985
39346528,Jun/18/2018 06:46,orailly,987E - Petr and Permutations,Python 3,Accepted,592 ms,44900 KB,2018-06-18 06:46:00,986
79473528,May/09/2020 17:36,coderemite,987B - High School: Become Human,Python 3,Accepted,109 ms,6500 KB,2020-05-09 17:36:00,987
38893958,Jun/02/2018 17:29,eugalt,988B - Substrings Sort,Python 3,Accepted,92 ms,6900 KB,2018-06-02 17:29:00,988
39170334,Jun/11/2018 20:17,eugalt,989B - A Tide of Riverscape,Python 3,Accepted,93 ms,0 KB,2018-06-11 20:17:00,989
39356004,Jun/18/2018 15:23,wilfredarin,990B - Micro-World,Python 3,Accepted,373 ms,14000 KB,2018-06-18 15:23:00,990
78888618,May/03/2020 14:58,coderemite,991B - Getting an A,Python 3,Accepted,109 ms,0 KB,2020-05-03 14:58:00,991
39447962,Jun/21/2018 03:11,semicfly,992B - Nastya Studies Informatics,Python 3,Accepted,93 ms,0 KB,2018-06-21 03:11:00,992
39346287,Jun/18/2018 06:21,orailly,994D - Open Communication,Python 3,Accepted,93 ms,0 KB,2018-06-18 06:21:00,993
39323091,Jun/17/2018 05:39,eugalt,994B - Knights of a Polygonal Table,Python 3,Accepted,561 ms,20200 KB,2018-06-17 05:39:00,994
39631072,Jun/24/2018 23:27,eugalt,996D - Suit and Tie,Python 3,Accepted,108 ms,0 KB,2018-06-24 23:27:00,995
39656581,Jun/25/2018 20:36,lakshya07,996B - World Cup,Python 3,Accepted,155 ms,8600 KB,2018-06-25 20:36:00,996
39885013,Jul/03/2018 09:24,vjudge4,997B - Roman Digits,Python 3,Accepted,124 ms,300 KB,2018-07-03 09:24:00,997
39857042,Jul/02/2018 07:51,eugalt,998B - Cutting,Python 3,Accepted,109 ms,0 KB,2018-07-02 07:51:00,998
39476360,Jun/21/2018 18:09,* eddy1021,999B - Reversing Encryption,Python 3,Accepted,78 ms,0 KB,2018-06-21 18:09:00,999
