51424346,Mar/17/2019 21:21,mario56865,977A - Wrong Subtraction,Python 3,Accepted,93 ms,0 KB,2019-03-17 21:21:00
49914556,Feb/14/2019 18:49,Soumya_123,977A - Wrong Subtraction,Python 3,Accepted,93 ms,0 KB,2019-02-14 18:49:00
50588805,Feb/28/2019 09:04,aslanamanzholov,977A - Wrong Subtraction,Python 3,Accepted,109 ms,0 KB,2019-02-28 09:04:00
51468261,Mar/19/2019 07:04,dias9b2003,977A - Wrong Subtraction,Python 3,Accepted,109 ms,0 KB,2019-03-19 07:04:00
51468535,Mar/19/2019 07:23,Rakhimnurlan,977A - Wrong Subtraction,Python 3,Accepted,109 ms,0 KB,2019-03-19 07:23:00
51469442,Mar/19/2019 08:20,Rayimbek,977A - Wrong Subtraction,Python 3,Accepted,109 ms,0 KB,2019-03-19 08:20:00
52263304,Apr/03/2019 13:06,burhonbaqoyev,977A - Wrong Subtraction,Python 3,Accepted,109 ms,0 KB,2019-04-03 13:06:00
52384166,Apr/06/2019 14:25,Nik1999,977A - Wrong Subtraction,Python 3,Accepted,109 ms,0 KB,2019-04-06 14:25:00
54659241,May/26/2019 12:54,krunal,977A - Wrong Subtraction,Python 3,Accepted,109 ms,0 KB,2019-05-26 12:54:00
61080424,Sep/22/2019 19:06,Tayi_sid,977A - Wrong Subtraction,Python 3,Accepted,109 ms,0 KB,2019-09-22 19:06:00
65529706,Nov/22/2019 14:56,mirjahon123,977A - Wrong Subtraction,Python 3,Accepted,108 ms,0 KB,2019-11-22 14:56:00
68410953,Jan/08/2020 19:58,MananPareek,977A - Wrong Subtraction,Python 3,Accepted,108 ms,0 KB,2020-01-08 19:58:00
68860074,Jan/15/2020 14:48,mlmaster,977A - Wrong Subtraction,Python 3,Accepted,93 ms,0 KB,2020-01-15 14:48:00
69185268,Jan/20/2020 14:44,Azad_J_Yassin,977A - Wrong Subtraction,Python 3,Accepted,124 ms,0 KB,2020-01-20 14:44:00
69588419,Jan/26/2020 23:59,NawazAhmed,977A - Wrong Subtraction,Python 3,Accepted,108 ms,0 KB,2020-01-26 23:59:00
69849008,Jan/30/2020 18:04,saikrishna759,977A - Wrong Subtraction,Python 3,Accepted,140 ms,0 KB,2020-01-30 18:04:00
73011738,Mar/12/2020 13:01,ece_18wh1a0445,977A - Wrong Subtraction,Python 3,Accepted,109 ms,0 KB,2020-03-12 13:01:00
73559319,Mar/18/2020 13:19,ece_18wh1a0447,977A - Wrong Subtraction,Python 3,Accepted,108 ms,0 KB,2020-03-18 13:19:00
74370103,Mar/26/2020 12:23,chinnu0612,977A - Wrong Subtraction,Python 3,Accepted,109 ms,0 KB,2020-03-26 12:23:00
75495286,Apr/04/2020 17:41,happy_feet7,977A - Wrong Subtraction,Python 3,Accepted,93 ms,0 KB,2020-04-04 17:41:00
75557855,Apr/05/2020 13:29,Zoro_Enma,977A - Wrong Subtraction,Python 3,Accepted,93 ms,0 KB,2020-04-05 13:29:00
75802807,Apr/08/2020 08:06,Legend_18,977A - Wrong Subtraction,Python 3,Accepted,93 ms,0 KB,2020-04-08 08:06:00
77210855,Apr/18/2020 20:51,vorttxt,977A - Wrong Subtraction,Python 3,Accepted,108 ms,0 KB,2020-04-18 20:51:00
78657658,May/01/2020 16:33,amitbhosale1234567890,977A - Wrong Subtraction,Python 3,Accepted,109 ms,0 KB,2020-05-01 16:33:00
78789445,May/02/2020 09:45,sam_1707,977A - Wrong Subtraction,Python 3,Accepted,93 ms,0 KB,2020-05-02 09:45:00
49157118,Jan/29/2019 17:07,pranav24,977A - Wrong Subtraction,Python 3,Accepted,109 ms,0 KB,2019-01-29 17:07:00
72779608,Mar/09/2020 13:52,harshav_b,977A - Wrong Subtraction,Python 3,Accepted,109 ms,0 KB,2020-03-09 13:52:00
75074297,Apr/01/2020 14:39,beraton,977A - Wrong Subtraction,Python 3,Accepted,93 ms,0 KB,2020-04-01 14:39:00
49435906,Feb/03/2019 22:06,16wh1a0458,977A - Wrong Subtraction,Python 3,Accepted,124 ms,0 KB,2019-02-03 22:06:00
53957993,May/10/2019 15:46,Srikantht,977A - Wrong Subtraction,Python 3,Accepted,109 ms,0 KB,2019-05-10 15:46:00
65389532,Nov/19/2019 19:38,ashu_sln,977A - Wrong Subtraction,Python 3,Accepted,109 ms,0 KB,2019-11-19 19:38:00
66540956,Dec/09/2019 14:29,MehulJ,977A - Wrong Subtraction,Python 3,Accepted,109 ms,0 KB,2019-12-09 14:29:00
67410425,Dec/22/2019 11:07,Ryanjoo18,977A - Wrong Subtraction,Python 3,Accepted,124 ms,0 KB,2019-12-22 11:07:00
67757938,Dec/27/2019 23:21,hossein7888,977A - Wrong Subtraction,Python 3,Accepted,109 ms,300 KB,2019-12-27 23:21:00
71693415,Feb/23/2020 16:18,AnikB,977A - Wrong Subtraction,Python 3,Accepted,109 ms,0 KB,2020-02-23 16:18:00
73011273,Mar/12/2020 12:53,Ece_18wh1a0432,977A - Wrong Subtraction,Python 3,Accepted,93 ms,300 KB,2020-03-12 12:53:00
75669857,Apr/06/2020 18:16,jjbro,977A - Wrong Subtraction,Python 3,Accepted,93 ms,0 KB,2020-04-06 18:16:00
77591291,Apr/22/2020 00:13,Ifty185,977A - Wrong Subtraction,Python 3,Accepted,93 ms,0 KB,2020-04-22 00:13:00
77838109,Apr/23/2020 19:37,juliusmar4,977A - Wrong Subtraction,Python 3,Accepted,93 ms,0 KB,2020-04-23 19:37:00
56677897,Jul/07/2019 19:28,Danylo99,977A - Wrong Subtraction,Python 3,Accepted,109 ms,0 KB,2019-07-07 19:28:00
75013180,Mar/31/2020 22:04,nfano,977A - Wrong Subtraction,Python 3,Accepted,109 ms,0 KB,2020-03-31 22:04:00
75186705,Apr/02/2020 01:35,kyje,977A - Wrong Subtraction,Python 3,Accepted,109 ms,0 KB,2020-04-02 01:35:00
75591952,Apr/05/2020 20:13,codeforfunn,977A - Wrong Subtraction,Python 3,Accepted,109 ms,0 KB,2020-04-05 20:13:00
75012524,Mar/31/2020 21:55,nfano,977A - Wrong Subtraction,Python 3,Accepted,109 ms,0 KB,2020-03-31 21:55:00
63127762,Oct/22/2019 16:18,SSSH08,977A - Wrong Subtraction,Python 3,Accepted,109 ms,0 KB,2019-10-22 16:18:00
70550760,Feb/08/2020 11:53,k.srvaya,977A - Wrong Subtraction,Python 3,Accepted,109 ms,0 KB,2020-02-08 11:53:00
77674913,Apr/22/2020 19:43,PNT0810#,977A - Wrong Subtraction,Python 3,Accepted,93 ms,0 KB,2020-04-22 19:43:00
47769303,Dec/30/2018 22:41,ShiSu,977A - Wrong Subtraction,Python 3,Accepted,109 ms,0 KB,2018-12-30 22:41:00
74754585,Mar/29/2020 20:40,Sirius93,977A - Wrong Subtraction,Python 3,Accepted,109 ms,0 KB,2020-03-29 20:40:00
76655234,Apr/14/2020 06:59,saikiranlingampally4397,977A - Wrong Subtraction,Python 3,Accepted,124 ms,0 KB,2020-04-14 06:59:00
76685306,Apr/14/2020 14:32,kiranlingampalli,977A - Wrong Subtraction,Python 3,Accepted,124 ms,0 KB,2020-04-14 14:32:00
79080444,May/05/2020 20:34,dubey07#,977A - Wrong Subtraction,Python 3,Accepted,109 ms,0 KB,2020-05-05 20:34:00
38068139,May/09/2018 13:44,shella,977A - Wrong Subtraction,Python 3,Accepted,77 ms,6900 KB,2018-05-09 13:44:00
47484740,Dec/25/2018 10:53,HakuButsu,977A - Wrong Subtraction,Python 3,Accepted,108 ms,0 KB,2018-12-25 10:53:00
68813541,Jan/14/2020 19:19,coderemite,977A - Wrong Subtraction,Python 3,Accepted,109 ms,0 KB,2020-01-14 19:19:00
72884789,Mar/10/2020 13:25,noob_coder..V.2.0,977A - Wrong Subtraction,Python 3,Accepted,108 ms,0 KB,2020-03-10 13:25:00
77322684,Apr/20/2020 06:02,awesomehtr1,977A - Wrong Subtraction,Python 3,Accepted,109 ms,0 KB,2020-04-20 06:02:00
52539238,Apr/09/2019 20:11,A_V_A_L_O_N,977A - Wrong Subtraction,Python 3,Accepted,124 ms,0 KB,2019-04-09 20:11:00
60665905,Sep/16/2019 11:02,akashpoonia79,977A - Wrong Subtraction,Python 3,Accepted,93 ms,0 KB,2019-09-16 11:02:00
63345788,Oct/24/2019 22:13,Nidhish,977A - Wrong Subtraction,Python 3,Accepted,109 ms,0 KB,2019-10-24 22:13:00
74763152,Mar/29/2020 22:23,vikash_vian,977A - Wrong Subtraction,Python 3,Accepted,93 ms,0 KB,2020-03-29 22:23:00
75436714,Apr/03/2020 23:57,S4mH4z3,977A - Wrong Subtraction,Python 3,Accepted,108 ms,0 KB,2020-04-03 23:57:00
49108620,Jan/28/2019 17:04,Shubham2227,977A - Wrong Subtraction,Python 3,Accepted,93 ms,0 KB,2019-01-28 17:04:00
49881417,Feb/13/2019 21:21,over1111,977A - Wrong Subtraction,Python 3,Accepted,93 ms,0 KB,2019-02-13 21:21:00
57656811,Jul/24/2019 17:54,Siftlockks,977A - Wrong Subtraction,Python 3,Accepted,109 ms,0 KB,2019-07-24 17:54:00
57888792,Jul/28/2019 14:02,Shahid_786,977A - Wrong Subtraction,Python 3,Accepted,124 ms,0 KB,2019-07-28 14:02:00
62635940,Oct/15/2019 19:49,gouthamreddy12,977A - Wrong Subtraction,Python 3,Accepted,109 ms,0 KB,2019-10-15 19:49:00
69564972,Jan/26/2020 15:04,AM.EM.U4EAC19012,977A - Wrong Subtraction,Python 3,Accepted,109 ms,200 KB,2020-01-26 15:04:00
74812582,Mar/30/2020 14:04,gvamsikrishna027#,977A - Wrong Subtraction,Python 3,Accepted,109 ms,0 KB,2020-03-30 14:04:00
75454073,Apr/04/2020 07:55,Chronomancer,977A - Wrong Subtraction,Python 3,Accepted,93 ms,0 KB,2020-04-04 07:55:00
77323261,Apr/20/2020 06:20,sujoykumar1910477147,977A - Wrong Subtraction,Python 3,Accepted,108 ms,0 KB,2020-04-20 06:20:00
54574583,May/25/2019 01:26,Parag_AP,977A - Wrong Subtraction,Python 3,Accepted,93 ms,0 KB,2019-05-25 01:26:00
61608890,Oct/01/2019 16:32,Elgazzar.,977A - Wrong Subtraction,Python 3,Accepted,109 ms,0 KB,2019-10-01 16:32:00
73423797,Mar/16/2020 19:28,pavankalyan_10,977A - Wrong Subtraction,Python 3,Accepted,109 ms,0 KB,2020-03-16 19:28:00
37966483,May/06/2018 18:44,neverwin,977A - Wrong Subtraction,Python 3,Accepted,78 ms,6900 KB,2018-05-06 18:44:00
37987719,May/07/2018 10:29,vjudge5,977A - Wrong Subtraction,Python 3,Accepted,93 ms,6900 KB,2018-05-07 10:29:00
46764686,Dec/08/2018 16:44,mah1ndra,977A - Wrong Subtraction,Python 3,Accepted,108 ms,0 KB,2018-12-08 16:44:00
50672184,Mar/02/2019 10:35,thelegendofepubgg,977A - Wrong Subtraction,Python 3,Accepted,109 ms,0 KB,2019-03-02 10:35:00
52383824,Apr/06/2019 14:16,Nik1999,977A - Wrong Subtraction,Python 3,Accepted,109 ms,0 KB,2019-04-06 14:16:00
74799080,Mar/30/2020 11:20,jagaarihemanth,977A - Wrong Subtraction,Python 3,Accepted,109 ms,0 KB,2020-03-30 11:20:00
58961666,Aug/17/2019 18:34,rinat_h,977A - Wrong Subtraction,Python 3,Accepted,109 ms,0 KB,2019-08-17 18:34:00
76421889,Apr/12/2020 22:05,meltice,977A - Wrong Subtraction,Python 3,Accepted,93 ms,0 KB,2020-04-12 22:05:00
40364751,Jul/15/2018 07:50,AmanGupta_,977A - Wrong Subtraction,Python 3,Accepted,108 ms,0 KB,2018-07-15 07:50:00
64276449,Nov/05/2019 00:46,daleks,977A - Wrong Subtraction,Python 3,Accepted,108 ms,0 KB,2019-11-05 00:46:00
69803785,Jan/30/2020 03:20,yangjongyeol,977A - Wrong Subtraction,Python 3,Accepted,93 ms,0 KB,2020-01-30 03:20:00
72911296,Mar/10/2020 20:37,GTrigger,977A - Wrong Subtraction,Python 3,Accepted,109 ms,0 KB,2020-03-10 20:37:00
37950328,May/06/2018 17:48,Vichitr,977A - Wrong Subtraction,Python 3,Accepted,93 ms,6900 KB,2018-05-06 17:48:00
52303940,Apr/04/2019 14:03,Petryk,977A - Wrong Subtraction,Python 3,Accepted,109 ms,0 KB,2019-04-04 14:03:00
57440168,Jul/21/2019 09:29,OBrutus,977A - Wrong Subtraction,Python 3,Accepted,109 ms,0 KB,2019-07-21 09:29:00
59951441,Sep/03/2019 17:38,doritosxxx,977A - Wrong Subtraction,Python 3,Accepted,109 ms,0 KB,2019-09-03 17:38:00
63262847,Oct/24/2019 00:20,mrgl.brgl,977A - Wrong Subtraction,Python 3,Accepted,109 ms,0 KB,2019-10-24 00:20:00
73992651,Mar/22/2020 23:10,arto1379,977A - Wrong Subtraction,Python 3,Accepted,108 ms,0 KB,2020-03-22 23:10:00
74638682,Mar/28/2020 15:19,mayankch123,977A - Wrong Subtraction,Python 3,Accepted,108 ms,0 KB,2020-03-28 15:19:00
74711363,Mar/29/2020 12:07,abdul_ghani_07,977A - Wrong Subtraction,Python 3,Accepted,93 ms,0 KB,2020-03-29 12:07:00
75988741,Apr/09/2020 15:20,z423x5c6,977A - Wrong Subtraction,Python 3,Accepted,93 ms,0 KB,2020-04-09 15:20:00
79033088,May/05/2020 10:31,ankitkochar1578,977A - Wrong Subtraction,Python 3,Accepted,109 ms,0 KB,2020-05-05 10:31:00
37935752,May/06/2018 17:17,Marsel974,977A - Wrong Subtraction,Python 3,Accepted,78 ms,6900 KB,2018-05-06 17:17:00
38020614,May/08/2018 15:41,merolish,977A - Wrong Subtraction,Python 3,Accepted,78 ms,7200 KB,2018-05-08 15:41:00
38133397,May/12/2018 11:59,Qumeric,977A - Wrong Subtraction,Python 3,Accepted,78 ms,7200 KB,2018-05-12 11:59:00
44063864,Oct/10/2018 10:51,__M.J__,977A - Wrong Subtraction,Python 3,Accepted,109 ms,0 KB,2018-10-10 10:51:00
55433650,Jun/11/2019 15:47,stud.taran,977A - Wrong Subtraction,Python 3,Accepted,109 ms,0 KB,2019-06-11 15:47:00
59335794,Aug/23/2019 07:38,zrmpauI,977A - Wrong Subtraction,Python 3,Accepted,109 ms,0 KB,2019-08-23 07:38:00
59395435,Aug/24/2019 13:08,matrajeev,977A - Wrong Subtraction,Python 3,Accepted,108 ms,0 KB,2019-08-24 13:08:00
65333401,Nov/19/2019 10:38,Elektra_904,977A - Wrong Subtraction,Python 3,Accepted,109 ms,0 KB,2019-11-19 10:38:00
66386621,Dec/06/2019 10:44,sravan8599,977A - Wrong Subtraction,Python 3,Accepted,124 ms,0 KB,2019-12-06 10:44:00
67275096,Dec/20/2019 12:53,forced_coder,977A - Wrong Subtraction,Python 3,Accepted,108 ms,0 KB,2019-12-20 12:53:00
68431561,Jan/09/2020 10:05,Fantom39,977A - Wrong Subtraction,Python 3,Accepted,108 ms,0 KB,2020-01-09 10:05:00
71315973,Feb/17/2020 19:48,prakashnani130,977A - Wrong Subtraction,Python 3,Accepted,109 ms,0 KB,2020-02-17 19:48:00
71923535,Feb/26/2020 18:31,prado,977A - Wrong Subtraction,Python 3,Accepted,109 ms,0 KB,2020-02-26 18:31:00
71981645,Feb/27/2020 17:38,tanu38,977A - Wrong Subtraction,Python 3,Accepted,109 ms,300 KB,2020-02-27 17:38:00
74838414,Mar/30/2020 18:26,ivavav,977A - Wrong Subtraction,Python 3,Accepted,108 ms,0 KB,2020-03-30 18:26:00
37933884,May/06/2018 17:14,yaroslavspid2,977A - Wrong Subtraction,Python 3,Accepted,77 ms,6900 KB,2018-05-06 17:14:00
37989464,May/07/2018 12:19,YellowforEro,977A - Wrong Subtraction,Python 3,Accepted,77 ms,6900 KB,2018-05-07 12:19:00
38071361,May/09/2018 15:39,charlieyan,977A - Wrong Subtraction,Python 3,Accepted,78 ms,6900 KB,2018-05-09 15:39:00
51927357,Mar/28/2019 11:29,AlmostRED,977A - Wrong Subtraction,Python 3,Accepted,108 ms,0 KB,2019-03-28 11:29:00
52375974,Apr/06/2019 11:15,Woland404,977A - Wrong Subtraction,Python 3,Accepted,108 ms,0 KB,2019-04-06 11:15:00
53815287,May/06/2019 12:55,xcytxc,977A - Wrong Subtraction,Python 3,Accepted,109 ms,0 KB,2019-05-06 12:55:00
55585357,Jun/15/2019 12:10,ZzaZi,977A - Wrong Subtraction,Python 3,Accepted,93 ms,0 KB,2019-06-15 12:10:00
60379080,Sep/11/2019 11:11,Rakib1602066,977A - Wrong Subtraction,Python 3,Accepted,109 ms,0 KB,2019-09-11 11:11:00
65524446,Nov/22/2019 12:46,yadhuz,977A - Wrong Subtraction,Python 3,Accepted,108 ms,0 KB,2019-11-22 12:46:00
68063620,Jan/02/2020 09:16,bluetitan498,977A - Wrong Subtraction,Python 3,Accepted,108 ms,0 KB,2020-01-02 09:16:00
69850400,Jan/30/2020 18:28,ankitkochar1578,977A - Wrong Subtraction,Python 3,Accepted,108 ms,0 KB,2020-01-30 18:28:00
77736554,Apr/23/2020 12:50,vishruth_21,977A - Wrong Subtraction,Python 3,Accepted,108 ms,0 KB,2020-04-23 12:50:00
79306791,May/07/2020 19:13,SHB007,977A - Wrong Subtraction,Python 3,Accepted,108 ms,6500 KB,2020-05-07 19:13:00
37934624,May/06/2018 17:15,vinuthegr8,977A - Wrong Subtraction,Python 3,Accepted,92 ms,6900 KB,2018-05-06 17:15:00
38680461,May/28/2018 00:38,vchilikov,977A - Wrong Subtraction,Python 3,Accepted,93 ms,0 KB,2018-05-28 00:38:00
49615698,Feb/08/2019 09:00,waylast,977A - Wrong Subtraction,Python 3,Accepted,109 ms,0 KB,2019-02-08 09:00:00
64088116,Nov/02/2019 14:55,caoduy73,977A - Wrong Subtraction,Python 3,Accepted,109 ms,0 KB,2019-11-02 14:55:00
71614712,Feb/22/2020 16:38,Minoru98,977A - Wrong Subtraction,Python 3,Accepted,109 ms,0 KB,2020-02-22 16:38:00
75463040,Apr/04/2020 10:22,cyclone614,977A - Wrong Subtraction,Python 3,Accepted,109 ms,0 KB,2020-04-04 10:22:00
37938394,May/06/2018 17:22,lifefeeder,977A - Wrong Subtraction,Python 3,Accepted,93 ms,6900 KB,2018-05-06 17:22:00
37940262,May/06/2018 17:25,kartikgiri92,977A - Wrong Subtraction,Python 3,Accepted,78 ms,6900 KB,2018-05-06 17:25:00
38404940,May/18/2018 18:42,EzeR,977A - Wrong Subtraction,Python 3,Accepted,93 ms,300 KB,2018-05-18 18:42:00
38940922,Jun/04/2018 13:05,durgapreethi1,977A - Wrong Subtraction,Python 3,Accepted,78 ms,6900 KB,2018-06-04 13:05:00
59225431,Aug/21/2019 16:37,proman3419,977A - Wrong Subtraction,Python 3,Accepted,124 ms,0 KB,2019-08-21 16:37:00
62668432,Oct/16/2019 11:46,raviteja_834,977A - Wrong Subtraction,Python 3,Accepted,109 ms,0 KB,2019-10-16 11:46:00
67032829,Dec/16/2019 19:24,malinadik,977A - Wrong Subtraction,Python 3,Accepted,109 ms,0 KB,2019-12-16 19:24:00
69587720,Jan/26/2020 23:28,NawazAhmed,977A - Wrong Subtraction,Python 3,Accepted,124 ms,300 KB,2020-01-26 23:28:00
75256561,Apr/02/2020 18:14,ermolushka#,977A - Wrong Subtraction,Python 3,Accepted,93 ms,0 KB,2020-04-02 18:14:00
37931605,May/06/2018 17:08,s19b1_romanov,977A - Wrong Subtraction,Python 3,Accepted,93 ms,6900 KB,2018-05-06 17:08:00
39631693,Jun/24/2018 23:47,cs1g,977A - Wrong Subtraction,Python 3,Accepted,93 ms,0 KB,2018-06-24 23:47:00
47324602,Dec/21/2018 12:39,AleksanderBalobanov,977A - Wrong Subtraction,Python 3,Accepted,109 ms,0 KB,2018-12-21 12:39:00
52014914,Mar/30/2019 13:08,Akash_123,977A - Wrong Subtraction,Python 3,Accepted,109 ms,0 KB,2019-03-30 13:08:00
53115812,Apr/22/2019 10:56,hrgn,977A - Wrong Subtraction,Python 3,Accepted,108 ms,0 KB,2019-04-22 10:56:00
54763764,May/28/2019 19:32,svaure#,977A - Wrong Subtraction,Python 3,Accepted,124 ms,0 KB,2019-05-28 19:32:00
58349997,Aug/05/2019 19:44,mrchampion05,977A - Wrong Subtraction,Python 3,Accepted,124 ms,0 KB,2019-08-05 19:44:00
58872819,Aug/15/2019 19:16,Ducloc080202,977A - Wrong Subtraction,Python 3,Accepted,124 ms,0 KB,2019-08-15 19:16:00
59485457,Aug/25/2019 20:27,gagangaur,977A - Wrong Subtraction,Python 3,Accepted,140 ms,0 KB,2019-08-25 20:27:00
66444744,Dec/07/2019 12:13,I_am_Ravi,977A - Wrong Subtraction,Python 3,Accepted,109 ms,0 KB,2019-12-07 12:13:00
68236779,Jan/05/2020 14:16,Padmasree,977A - Wrong Subtraction,Python 3,Accepted,109 ms,0 KB,2020-01-05 14:16:00
72611120,Mar/07/2020 06:02,Aka_coder,977A - Wrong Subtraction,Python 3,Accepted,108 ms,0 KB,2020-03-07 06:02:00
73143530,Mar/13/2020 17:08,bvrith250,977A - Wrong Subtraction,Python 3,Accepted,108 ms,0 KB,2020-03-13 17:08:00
74740884,Mar/29/2020 18:05,saswatamcode,977A - Wrong Subtraction,Python 3,Accepted,109 ms,0 KB,2020-03-29 18:05:00
74819665,Mar/30/2020 15:24,smartponysparkle,977A - Wrong Subtraction,Python 3,Accepted,108 ms,0 KB,2020-03-30 15:24:00
37931278,May/06/2018 17:07,golikovnik,977A - Wrong Subtraction,Python 3,Accepted,93 ms,6900 KB,2018-05-06 17:07:00
37931878,May/06/2018 17:09,Cirno42,977A - Wrong Subtraction,Python 3,Accepted,93 ms,6900 KB,2018-05-06 17:09:00
37944605,May/06/2018 17:34,Virtu,977A - Wrong Subtraction,Python 3,Accepted,77 ms,6900 KB,2018-05-06 17:34:00
37996773,May/07/2018 16:32,darth_coder,977A - Wrong Subtraction,Python 3,Accepted,78 ms,6900 KB,2018-05-07 16:32:00
38093651,May/10/2018 17:18,Kirill_Kudr22,977A - Wrong Subtraction,Python 3,Accepted,93 ms,6900 KB,2018-05-10 17:18:00
45940518,Nov/18/2018 22:38,DmitryDrozdov,977A - Wrong Subtraction,Python 3,Accepted,109 ms,0 KB,2018-11-18 22:38:00
52808604,Apr/16/2019 10:00,ferenets_A,977A - Wrong Subtraction,Python 3,Accepted,109 ms,0 KB,2019-04-16 10:00:00
56246967,Jun/29/2019 01:03,Amgad_Hussein,977A - Wrong Subtraction,Python 3,Accepted,109 ms,0 KB,2019-06-29 01:03:00
57746025,Jul/25/2019 16:03,spellstaker#,977A - Wrong Subtraction,Python 3,Accepted,109 ms,0 KB,2019-07-25 16:03:00
61063547,Sep/22/2019 13:15,piedcipher,977A - Wrong Subtraction,Python 3,Accepted,124 ms,0 KB,2019-09-22 13:15:00
75320532,Apr/03/2020 10:53,N00b-ie,977A - Wrong Subtraction,Python 3,Accepted,109 ms,0 KB,2020-04-03 10:53:00
37932594,May/06/2018 17:11,borbor,977A - Wrong Subtraction,Python 3,Accepted,78 ms,6900 KB,2018-05-06 17:11:00
44712702,Oct/22/2018 22:38,Leendertz,977A - Wrong Subtraction,Python 3,Accepted,108 ms,0 KB,2018-10-22 22:38:00
49688882,Feb/10/2019 12:53,AceKing,977A - Wrong Subtraction,Python 3,Accepted,93 ms,0 KB,2019-02-10 12:53:00
51715929,Mar/22/2019 19:47,pooja_gupta,977A - Wrong Subtraction,Python 3,Accepted,124 ms,0 KB,2019-03-22 19:47:00
55468408,Jun/11/2019 20:29,Ajay_Modi,977A - Wrong Subtraction,Python 3,Accepted,109 ms,0 KB,2019-06-11 20:29:00
56025395,Jun/25/2019 09:39,GK_08,977A - Wrong Subtraction,Python 3,Accepted,109 ms,0 KB,2019-06-25 09:39:00
56465545,Jul/03/2019 11:46,TimFrendo,977A - Wrong Subtraction,Python 3,Accepted,124 ms,0 KB,2019-07-03 11:46:00
61668535,Oct/01/2019 21:01,SkylineDrop,977A - Wrong Subtraction,Python 3,Accepted,109 ms,0 KB,2019-10-01 21:01:00
61800437,Oct/03/2019 21:46,ChibU,977A - Wrong Subtraction,Python 3,Accepted,108 ms,0 KB,2019-10-03 21:46:00
68301037,Jan/06/2020 09:34,AlexAkimov,977A - Wrong Subtraction,Python 3,Accepted,109 ms,0 KB,2020-01-06 09:34:00
75472300,Apr/04/2020 12:37,iamszing,977A - Wrong Subtraction,Python 3,Accepted,93 ms,0 KB,2020-04-04 12:37:00
79000168,May/04/2020 22:35,alfie2775,977A - Wrong Subtraction,Python 3,Accepted,109 ms,0 KB,2020-05-04 22:35:00
37947097,May/06/2018 17:40,frank_expert,977A - Wrong Subtraction,Python 3,Accepted,78 ms,6900 KB,2018-05-06 17:40:00
37950112,May/06/2018 17:48,Mr_Pod,977A - Wrong Subtraction,Python 3,Accepted,92 ms,6900 KB,2018-05-06 17:48:00
38063389,May/09/2018 09:59,ConnorZhong,977A - Wrong Subtraction,Python 3,Accepted,78 ms,6900 KB,2018-05-09 09:59:00
38418512,May/19/2018 08:50,Barnoul,977A - Wrong Subtraction,Python 3,Accepted,77 ms,0 KB,2018-05-19 08:50:00
41951152,Aug/22/2018 04:32,Amgd2112,977A - Wrong Subtraction,Python 3,Accepted,109 ms,0 KB,2018-08-22 04:32:00
46302991,Nov/28/2018 11:22,hron,977A - Wrong Subtraction,Python 3,Accepted,109 ms,0 KB,2018-11-28 11:22:00
61428597,Sep/28/2019 16:56,samyak88,977A - Wrong Subtraction,Python 3,Accepted,124 ms,0 KB,2019-09-28 16:56:00
68066772,Jan/02/2020 11:15,jamesujeon,977A - Wrong Subtraction,Python 3,Accepted,109 ms,0 KB,2020-01-02 11:15:00
68391854,Jan/08/2020 12:00,Bharadwajsai24,977A - Wrong Subtraction,Python 3,Accepted,109 ms,0 KB,2020-01-08 12:00:00
71364604,Feb/18/2020 11:51,venkat151120001234,977A - Wrong Subtraction,Python 3,Accepted,108 ms,300 KB,2020-02-18 11:51:00
75334424,Apr/03/2020 13:56,MuC,977A - Wrong Subtraction,Python 3,Accepted,108 ms,0 KB,2020-04-03 13:56:00
37934156,May/06/2018 17:15,yuma25689,977A - Wrong Subtraction,Python 3,Accepted,77 ms,6900 KB,2018-05-06 17:15:00
37976897,May/06/2018 20:58,vishal_911,977A - Wrong Subtraction,Python 3,Accepted,77 ms,6900 KB,2018-05-06 20:58:00
38054019,May/08/2018 22:56,suyash01,977A - Wrong Subtraction,Python 3,Accepted,77 ms,6900 KB,2018-05-08 22:56:00
38119274,May/11/2018 19:33,Xeronn,977A - Wrong Subtraction,Python 3,Accepted,93 ms,6900 KB,2018-05-11 19:33:00
47871658,Jan/03/2019 16:13,toho098,977A - Wrong Subtraction,Python 3,Accepted,109 ms,0 KB,2019-01-03 16:13:00
48408035,Jan/15/2019 08:46,Tohoi--Habibullo,977A - Wrong Subtraction,Python 3,Accepted,93 ms,0 KB,2019-01-15 08:46:00
49735067,Feb/10/2019 20:33,UTMoonlight,977A - Wrong Subtraction,Python 3,Accepted,93 ms,0 KB,2019-02-10 20:33:00
50281469,Feb/21/2019 15:55,CLF,977A - Wrong Subtraction,Python 3,Accepted,93 ms,0 KB,2019-02-21 15:55:00
52435672,Apr/07/2019 06:14,yuruhiya,977A - Wrong Subtraction,Python 3,Accepted,93 ms,0 KB,2019-04-07 06:14:00
54020953,May/12/2019 12:41,atri2107,977A - Wrong Subtraction,Python 3,Accepted,93 ms,0 KB,2019-05-12 12:41:00
64530189,Nov/08/2019 18:10,Ivan22Octoi,977A - Wrong Subtraction,Python 3,Accepted,109 ms,0 KB,2019-11-08 18:10:00
65685178,Nov/25/2019 01:22,alpecli,977A - Wrong Subtraction,Python 3,Accepted,124 ms,0 KB,2019-11-25 01:22:00
65974748,Nov/29/2019 18:23,sanyarostov56,977A - Wrong Subtraction,Python 3,Accepted,124 ms,0 KB,2019-11-29 18:23:00
67584240,Dec/25/2019 10:35,rishabhrathi22,977A - Wrong Subtraction,Python 3,Accepted,109 ms,0 KB,2019-12-25 10:35:00
69712095,Jan/29/2020 10:28,Omar_Tahoun,977A - Wrong Subtraction,Python 3,Accepted,124 ms,0 KB,2020-01-29 10:28:00
73385365,Mar/16/2020 09:39,HARIKESH_,977A - Wrong Subtraction,Python 3,Accepted,109 ms,0 KB,2020-03-16 09:39:00
74897349,Mar/31/2020 10:44,Richard727,977A - Wrong Subtraction,Python 3,Accepted,93 ms,0 KB,2020-03-31 10:44:00
75106597,Apr/01/2020 17:47,wojTas,977A - Wrong Subtraction,Python 3,Accepted,109 ms,0 KB,2020-04-01 17:47:00
75581417,Apr/05/2020 18:01,muff-1n,977A - Wrong Subtraction,Python 3,Accepted,109 ms,0 KB,2020-04-05 18:01:00
75806406,Apr/08/2020 09:14,Legend_18,977A - Wrong Subtraction,Python 3,Accepted,108 ms,0 KB,2020-04-08 09:14:00
77063645,Apr/17/2020 13:54,Amsiam,977A - Wrong Subtraction,Python 3,Accepted,108 ms,0 KB,2020-04-17 13:54:00
78542439,Apr/30/2020 10:10,priyanka.borwanker,977A - Wrong Subtraction,Python 3,Accepted,108 ms,0 KB,2020-04-30 10:10:00
37935705,May/06/2018 17:17,saran7188,977A - Wrong Subtraction,Python 3,Accepted,93 ms,6900 KB,2018-05-06 17:17:00
57884718,Jul/28/2019 12:19,ayush11121997,977A - Wrong Subtraction,Python 3,Accepted,109 ms,0 KB,2019-07-28 12:19:00
61698353,Oct/02/2019 10:40,Kabachok15cm,977A - Wrong Subtraction,Python 3,Accepted,124 ms,0 KB,2019-10-02 10:40:00
66813950,Dec/14/2019 07:43,nithinkatla00,977A - Wrong Subtraction,Python 3,Accepted,109 ms,0 KB,2019-12-14 07:43:00
68980452,Jan/17/2020 13:30,Allizer,977A - Wrong Subtraction,Python 3,Accepted,108 ms,0 KB,2020-01-17 13:30:00
71898522,Feb/26/2020 09:46,matintavakoli,977A - Wrong Subtraction,Python 3,Accepted,93 ms,0 KB,2020-02-26 09:46:00
74698510,Mar/29/2020 09:19,Idontknow1214,977A - Wrong Subtraction,Python 3,Accepted,124 ms,0 KB,2020-03-29 09:19:00
74760696,Mar/29/2020 21:51,rithvik_g,977A - Wrong Subtraction,Python 3,Accepted,108 ms,0 KB,2020-03-29 21:51:00
75334386,Apr/03/2020 13:56,MuC,977A - Wrong Subtraction,Python 3,Accepted,109 ms,0 KB,2020-04-03 13:56:00
75691440,Apr/06/2020 22:41,Chanthru_o_o,977A - Wrong Subtraction,Python 3,Accepted,93 ms,0 KB,2020-04-06 22:41:00
77726270,Apr/23/2020 11:02,programmergaurav,977A - Wrong Subtraction,Python 3,Accepted,108 ms,0 KB,2020-04-23 11:02:00
37932040,May/06/2018 17:10,ivangorin21,977A - Wrong Subtraction,Python 3,Accepted,93 ms,6900 KB,2018-05-06 17:10:00
37932747,May/06/2018 17:12,Pratik_2106,977A - Wrong Subtraction,Python 3,Accepted,77 ms,6900 KB,2018-05-06 17:12:00
37935688,May/06/2018 17:17,HateMondays,977A - Wrong Subtraction,Python 3,Accepted,93 ms,6900 KB,2018-05-06 17:17:00
37945726,May/06/2018 17:37,Underscore42,977A - Wrong Subtraction,Python 3,Accepted,93 ms,6900 KB,2018-05-06 17:37:00
45798420,Nov/16/2018 15:04,ricgabriel,977A - Wrong Subtraction,Python 3,Accepted,109 ms,0 KB,2018-11-16 15:04:00
46478007,Dec/02/2018 11:31,Rimer,977A - Wrong Subtraction,Python 3,Accepted,108 ms,0 KB,2018-12-02 11:31:00
48650324,Jan/20/2019 23:18,HazemEssawi,977A - Wrong Subtraction,Python 3,Accepted,109 ms,0 KB,2019-01-20 23:18:00
49878126,Feb/13/2019 19:51,Rhinoll,977A - Wrong Subtraction,Python 3,Accepted,109 ms,0 KB,2019-02-13 19:51:00
49934444,Feb/15/2019 09:32,Waterbear,977A - Wrong Subtraction,Python 3,Accepted,109 ms,0 KB,2019-02-15 09:32:00
52213129,Apr/02/2019 00:33,Gotzillaz,977A - Wrong Subtraction,Python 3,Accepted,140 ms,0 KB,2019-04-02 00:33:00
52438315,Apr/07/2019 08:16,Pakhomovee,977A - Wrong Subtraction,Python 3,Accepted,93 ms,0 KB,2019-04-07 08:16:00
52507213,Apr/08/2019 22:27,harshalbh,977A - Wrong Subtraction,Python 3,Accepted,109 ms,0 KB,2019-04-08 22:27:00
53844231,May/07/2019 12:41,dann_romm,977A - Wrong Subtraction,Python 3,Accepted,109 ms,0 KB,2019-05-07 12:41:00
54826539,May/30/2019 09:46,captain_india,977A - Wrong Subtraction,Python 3,Accepted,93 ms,0 KB,2019-05-30 09:46:00
55204050,Jun/06/2019 14:49,toan.124,977A - Wrong Subtraction,Python 3,Accepted,93 ms,0 KB,2019-06-06 14:49:00
57988930,Jul/30/2019 15:27,mohi07,977A - Wrong Subtraction,Python 3,Accepted,109 ms,0 KB,2019-07-30 15:27:00
63540754,Oct/27/2019 12:14,_ryuk_,977A - Wrong Subtraction,Python 3,Accepted,109 ms,0 KB,2019-10-27 12:14:00
64316109,Nov/05/2019 17:10,mbalazs7,977A - Wrong Subtraction,Python 3,Accepted,109 ms,0 KB,2019-11-05 17:10:00
66158495,Dec/02/2019 04:52,shibacho2,977A - Wrong Subtraction,Python 3,Accepted,124 ms,0 KB,2019-12-02 04:52:00
68043442,Jan/01/2020 18:21,Crazy_hedgehog,977A - Wrong Subtraction,Python 3,Accepted,124 ms,0 KB,2020-01-01 18:21:00
69185824,Jan/20/2020 14:54,Azad_J_Yassin,977A - Wrong Subtraction,Python 3,Accepted,109 ms,0 KB,2020-01-20 14:54:00
71109408,Feb/15/2020 12:15,Nishant_Rao,977A - Wrong Subtraction,Python 3,Accepted,109 ms,300 KB,2020-02-15 12:15:00
74741014,Mar/29/2020 18:07,saswatamcode,977A - Wrong Subtraction,Python 3,Accepted,124 ms,0 KB,2020-03-29 18:07:00
75015575,Mar/31/2020 22:37,anujjoshi63,977A - Wrong Subtraction,Python 3,Accepted,108 ms,0 KB,2020-03-31 22:37:00
75636067,Apr/06/2020 11:05,Gaurav3170#,977A - Wrong Subtraction,Python 3,Accepted,109 ms,0 KB,2020-04-06 11:05:00
76320290,Apr/12/2020 14:30,kommana_srinivas11,977A - Wrong Subtraction,Python 3,Accepted,93 ms,0 KB,2020-04-12 14:30:00
77015406,Apr/16/2020 23:21,darinka6,977A - Wrong Subtraction,Python 3,Accepted,109 ms,0 KB,2020-04-16 23:21:00
46429415,Dec/01/2018 07:10,vjudge5,977A - Wrong Subtraction,Python 3,Accepted,124 ms,0 KB,2018-12-01 07:10:00
49304522,Feb/01/2019 08:12,VoNaRuT,977A - Wrong Subtraction,Python 3,Accepted,109 ms,0 KB,2019-02-01 08:12:00
50927464,Mar/07/2019 15:31,sdnly,977A - Wrong Subtraction,Python 3,Accepted,108 ms,0 KB,2019-03-07 15:31:00
52435355,Apr/07/2019 05:59,iqrar99,977A - Wrong Subtraction,Python 3,Accepted,109 ms,0 KB,2019-04-07 05:59:00
54012730,May/12/2019 07:07,Sait2000#,977A - Wrong Subtraction,Python 3,Accepted,109 ms,0 KB,2019-05-12 07:07:00
59492754,Aug/25/2019 23:05,kushaan,977A - Wrong Subtraction,Python 3,Accepted,109 ms,0 KB,2019-08-25 23:05:00
62193197,Oct/09/2019 13:15,yasaswini_30,977A - Wrong Subtraction,Python 3,Accepted,108 ms,0 KB,2019-10-09 13:15:00
65248264,Nov/17/2019 14:12,r57shell,977A - Wrong Subtraction,Python 3,Accepted,124 ms,0 KB,2019-11-17 14:12:00
68066725,Jan/02/2020 11:13,jamesujeon,977A - Wrong Subtraction,Python 3,Accepted,109 ms,0 KB,2020-01-02 11:13:00
70553992,Feb/08/2020 12:49,Dmitru_97,977A - Wrong Subtraction,Python 3,Accepted,109 ms,0 KB,2020-02-08 12:49:00
71332393,Feb/17/2020 21:00,Satya_Anusha,977A - Wrong Subtraction,Python 3,Accepted,108 ms,0 KB,2020-02-17 21:00:00
73169134,Mar/13/2020 22:37,khiladi.07,977A - Wrong Subtraction,Python 3,Accepted,108 ms,300 KB,2020-03-13 22:37:00
74696366,Mar/29/2020 08:50,Alpha3,977A - Wrong Subtraction,Python 3,Accepted,124 ms,0 KB,2020-03-29 08:50:00
37933644,May/06/2018 17:14,master06,977A - Wrong Subtraction,Python 3,Accepted,78 ms,6900 KB,2018-05-06 17:14:00
37935234,May/06/2018 17:16,dzyura_christopher,977A - Wrong Subtraction,Python 3,Accepted,78 ms,6900 KB,2018-05-06 17:16:00
49743852,Feb/10/2019 23:20,Dimka_GS_2002,977A - Wrong Subtraction,Python 3,Accepted,109 ms,0 KB,2019-02-10 23:20:00
49837629,Feb/12/2019 19:54,vladl2802#,977A - Wrong Subtraction,Python 3,Accepted,93 ms,0 KB,2019-02-12 19:54:00
52012549,Mar/30/2019 12:13,Y33T_M5TR,977A - Wrong Subtraction,Python 3,Accepted,108 ms,0 KB,2019-03-30 12:13:00
55077784,Jun/04/2019 12:26,hitsedesen,977A - Wrong Subtraction,Python 3,Accepted,93 ms,0 KB,2019-06-04 12:26:00
56811480,Jul/10/2019 19:24,Elmsley,977A - Wrong Subtraction,Python 3,Accepted,109 ms,0 KB,2019-07-10 19:24:00
57199159,Jul/17/2019 16:11,saurabh3240,977A - Wrong Subtraction,Python 3,Accepted,109 ms,0 KB,2019-07-17 16:11:00
57989965,Jul/30/2019 15:51,mohi07,977A - Wrong Subtraction,Python 3,Accepted,109 ms,0 KB,2019-07-30 15:51:00
58258082,Aug/04/2019 14:00,thramas,977A - Wrong Subtraction,Python 3,Accepted,108 ms,0 KB,2019-08-04 14:00:00
61430306,Sep/28/2019 17:28,Soumya1,977A - Wrong Subtraction,Python 3,Accepted,109 ms,0 KB,2019-09-28 17:28:00
62932634,Oct/19/2019 16:09,artisan_,977A - Wrong Subtraction,Python 3,Accepted,109 ms,0 KB,2019-10-19 16:09:00
66524989,Dec/09/2019 06:51,FireMarshall093,977A - Wrong Subtraction,Python 3,Accepted,109 ms,0 KB,2019-12-09 06:51:00
71101739,Feb/15/2020 09:56,shrey82,977A - Wrong Subtraction,Python 3,Accepted,109 ms,0 KB,2020-02-15 09:56:00
74331817,Mar/25/2020 22:43,agarwalaashish,977A - Wrong Subtraction,Python 3,Accepted,108 ms,0 KB,2020-03-25 22:43:00
74793210,Mar/30/2020 09:58,ikamal,977A - Wrong Subtraction,Python 3,Accepted,109 ms,0 KB,2020-03-30 09:58:00
74874971,Mar/31/2020 02:22,Withoutasound,977A - Wrong Subtraction,Python 3,Accepted,109 ms,0 KB,2020-03-31 02:22:00
74917375,Mar/31/2020 14:46,Crafter_,977A - Wrong Subtraction,Python 3,Accepted,109 ms,0 KB,2020-03-31 14:46:00
75059349,Apr/01/2020 12:00,vedang,977A - Wrong Subtraction,Python 3,Accepted,108 ms,0 KB,2020-04-01 12:00:00
75440783,Apr/04/2020 01:22,henriChab,977A - Wrong Subtraction,Python 3,Accepted,108 ms,0 KB,2020-04-04 01:22:00
75718177,Apr/07/2020 09:46,apurbi,977A - Wrong Subtraction,Python 3,Accepted,108 ms,0 KB,2020-04-07 09:46:00
76062139,Apr/10/2020 09:44,gauravjais2396,977A - Wrong Subtraction,Python 3,Accepted,108 ms,0 KB,2020-04-10 09:44:00
37934614,May/06/2018 17:15,Karna98,977A - Wrong Subtraction,Python 3,Accepted,93 ms,6900 KB,2018-05-06 17:15:00
38650749,May/27/2018 11:16,artempushko,977A - Wrong Subtraction,Python 3,Accepted,92 ms,0 KB,2018-05-27 11:16:00
46430086,Dec/01/2018 07:50,vjudge2,977A - Wrong Subtraction,Python 3,Accepted,108 ms,0 KB,2018-12-01 07:50:00
49107897,Jan/28/2019 16:50,averast,977A - Wrong Subtraction,Python 3,Accepted,93 ms,0 KB,2019-01-28 16:50:00
55411430,Jun/10/2019 23:15,another_strike,977A - Wrong Subtraction,Python 3,Accepted,124 ms,0 KB,2019-06-10 23:15:00
59655973,Aug/29/2019 13:22,----------------------,977A - Wrong Subtraction,Python 3,Accepted,109 ms,0 KB,2019-08-29 13:22:00
61220689,Sep/24/2019 16:51,dewnull,977A - Wrong Subtraction,Python 3,Accepted,109 ms,0 KB,2019-09-24 16:51:00
64269984,Nov/04/2019 21:40,nikitkuzi,977A - Wrong Subtraction,Python 3,Accepted,109 ms,0 KB,2019-11-04 21:40:00
65937176,Nov/29/2019 06:14,Zelmerlow,977A - Wrong Subtraction,Python 3,Accepted,109 ms,0 KB,2019-11-29 06:14:00
68988035,Jan/17/2020 16:13,whiwf,977A - Wrong Subtraction,Python 3,Accepted,108 ms,0 KB,2020-01-17 16:13:00
74756217,Mar/29/2020 20:58,Erixen,977A - Wrong Subtraction,Python 3,Accepted,93 ms,0 KB,2020-03-29 20:58:00
37939147,May/06/2018 17:23,Thecats,977A - Wrong Subtraction,Python 3,Accepted,93 ms,6900 KB,2018-05-06 17:23:00
39279135,Jun/16/2018 07:58,ashok123,977A - Wrong Subtraction,Python 3,Accepted,78 ms,0 KB,2018-06-16 07:58:00
39953655,Jul/04/2018 14:47,flydzen,977A - Wrong Subtraction,Python 3,Accepted,124 ms,0 KB,2018-07-04 14:47:00
45617606,Nov/12/2018 18:38,tlpx,977A - Wrong Subtraction,Python 3,Accepted,124 ms,0 KB,2018-11-12 18:38:00
49620532,Feb/08/2019 12:10,KamiLoL,977A - Wrong Subtraction,Python 3,Accepted,93 ms,0 KB,2019-02-08 12:10:00
49913661,Feb/14/2019 18:24,Sevlll#,977A - Wrong Subtraction,Python 3,Accepted,93 ms,0 KB,2019-02-14 18:24:00
51308980,Mar/14/2019 21:16,Coolanondude,977A - Wrong Subtraction,Python 3,Accepted,109 ms,0 KB,2019-03-14 21:16:00
52229380,Apr/02/2019 14:15,benz_,977A - Wrong Subtraction,Python 3,Accepted,108 ms,0 KB,2019-04-02 14:15:00
58120839,Aug/01/2019 13:40,Venom_007,977A - Wrong Subtraction,Python 3,Accepted,109 ms,0 KB,2019-08-01 13:40:00
60296578,Sep/09/2019 13:21,fahimnawaz7,977A - Wrong Subtraction,Python 3,Accepted,124 ms,0 KB,2019-09-09 13:21:00
69912284,Jan/31/2020 18:44,tima.indigo,977A - Wrong Subtraction,Python 3,Accepted,109 ms,0 KB,2020-01-31 18:44:00
73179378,Mar/14/2020 03:44,AM_coder,977A - Wrong Subtraction,Python 3,Accepted,109 ms,0 KB,2020-03-14 03:44:00
74662665,Mar/28/2020 20:28,mokris.andrej,977A - Wrong Subtraction,Python 3,Accepted,108 ms,0 KB,2020-03-28 20:28:00
74764714,Mar/29/2020 22:43,kagehayashi,977A - Wrong Subtraction,Python 3,Accepted,109 ms,0 KB,2020-03-29 22:43:00
75201656,Apr/02/2020 08:22,BitByteMan,977A - Wrong Subtraction,Python 3,Accepted,93 ms,0 KB,2020-04-02 08:22:00
75207281,Apr/02/2020 09:22,TemaSaur,977A - Wrong Subtraction,Python 3,Accepted,124 ms,0 KB,2020-04-02 09:22:00
75325041,Apr/03/2020 11:56,ciberdiego123,977A - Wrong Subtraction,Python 3,Accepted,109 ms,0 KB,2020-04-03 11:56:00
77456122,Apr/21/2020 13:43,dhruti221,977A - Wrong Subtraction,Python 3,Accepted,108 ms,0 KB,2020-04-21 13:43:00
37931840,May/06/2018 17:09,KatSam,977A - Wrong Subtraction,Python 3,Accepted,77 ms,6900 KB,2018-05-06 17:09:00
37932298,May/06/2018 17:10,fikr,977A - Wrong Subtraction,Python 3,Accepted,92 ms,6900 KB,2018-05-06 17:10:00
37941882,May/06/2018 17:28,Mad_Andrei,977A - Wrong Subtraction,Python 3,Accepted,78 ms,6900 KB,2018-05-06 17:28:00
